餐d名Q,城市
望海巴耐餐d/咖啡,花h
噶m海a店,花h
口福海r餐d,花h
拙而奇g空g,花h
|d野菜牛肉I,花h
阿卿海r店,花h
升火工作室,花h
明聿d,台|h
I海餐d,台|h
欣逢海r餐d,台|h
晨霄海r,台|h
原l}合式美食^,台|h
|河肉粽王,台|h
R利ZN房,台|h
港海r餐d,台|h
~人餐d,台|h
美玲海r,台|h
海海a店,台|h
新澎湖海r餐d,台|h
翔餐d,台|h
文P小吃,台|h
海角工作室,花h
奇美部落N房,花h
^目海a店,花h
悟饕包,花h
好的，[ 手g小店,台|h
福和成糕店,台|h
修A玉石坊,台|h
都m山石DIY,台|h
棉麻屋,台|h
米苔目嫂海a店,台|h
秋霞I店,台|h
富O港量活海a餐d,台|h
港口海a店,台|h
宏津海r餐d,台|h
成功rr特a品展售中心,台|h
lala Ban新社香蕉z工坊,花h
大哥的故事,台|h
山中髌,花h
太w晶英酒店,花h
原野牧,花h
吉[C人W校,花h
佳I成功旗~,台|h
|河包子,台|h
幸福食堂,台|h
安A有C工作坊,台|h
都mx大利披_ Dulan A Mano Pizza,台|h
足渡ml村手工皂,台|h
\[美食,台|h
小F匠N房,台|h
菊荷美食屋,花h
Val海r餐d,台|h
都m食堂,台|h
小毛H德有CI包,台|h
我在玩-玩冰箱,台|h
都m糖S61,台|h
小N房,台|h
|{香鹘y米食坊,台|h
X草埔 - 料理人的家,台|h
逗留豆[,台|h
台11工作室,台|h
巴蒂崮工作室(32咖啡),台|h
逐浪海景咖啡,台|h
嘟~L味餐,花h
法式小酒^Bistro victor,台|h
哈狗店,台|h
G堤咖啡^,台|h
澎坊免商店 Gu新天地,台|h
洛恩?米_克,台|h
巨大少年Giant Boy,台|h
佑健康工作室,台|h
鼎|汽客\公司(海I\^),台|h
碧越南家l味,台|h
百合工作室,花h
AVIS安S斯租_|站,台|h
阆驴Х,台|h
王 鬼^刀Ｙu店,台|h
成功豆花,台|h
~黑团_|~博物^,台|h
哈地喇小吃,台|h
永福野店,台|h
Umi屋海r料理,花h
海L味小吃,花h
台11白r,台|h
阿度的店,台|h
海岸工作室,花h
好r好日煎焙咖啡,台|h
明l餐d【白沙l】,澎湖h
第二O港米粉I【R公市】,澎湖h
望安 CAFE【R公市】,澎湖h
美德西cI包店(中A店)【R公市】,澎湖h
傻矍f【R公市】,澎湖h
胖_咖啡餐店【R公市】,澎湖h
官夫人澎湖花枝丸【R公市】,澎湖h
玉冠嫩仙草【R公市】,澎湖h
乾益堂膳蛋【R公市】,澎湖h
望安小吃部【望安l】,澎湖h
七美O村餐d【七美l】,澎湖h
阿霜小吃部【R公市】,澎湖h
榕@小吃部【白沙l】,澎湖h
桃太郎日本料理【R公市】,澎湖h
阿|餐d【R公市】,澎湖h
香亭土~羹【R公市】,澎湖h
C隼吓婆Ｈ恻I【R公市】,澎湖h
致仙食店【望安l】,澎湖h
永安西海岸Ｙu餐d,澎湖h
T海r【湖西l】,澎湖h
n湘^【白沙l】,澎湖h
海O之家【白沙l】,澎湖h
自由冰品【白沙l】,澎湖h
易家仙人掌冰【白沙l】,澎湖h
西Z台菜海r餐d【西Zl】,澎湖h
可口冰城【西Zl】,澎湖h
清心食店【西Zl】,澎湖h
阿虹仙人掌Ｙu店【西Zl】,澎湖h
蒙地卡_咖啡^【R公市】,澎湖h
京典菜海r^【R公市】,澎湖h
隆福海r餐d【R公市】,澎湖h
LM餐d【R公市】,澎湖h
印地安平r活海r【R公市】,澎湖h
富海r川菜胡椒小吃【R公市】,澎湖h
老街香味I^【白沙l】,澎湖h
珍海味活海r【R公市】,澎湖h
朝昔]客！抉R公市】,澎湖h
小t莓小吃部【R公市】,澎湖h
六六八海r餐d【R公市】,澎湖h
好朋友素食屋【R公市】,澎湖h
海世界小吃部【R公市】,澎湖h
星餐d【R公市】,澎湖h
港口土~羹【R公市】,澎湖h
t瓦小２d【R公市】,澎湖h
花菜干人文雅f餐^【R公市】,澎湖h
嘉e海r川菜^【R公市】,澎湖h
R公港原味餐d【R公市】,澎湖h
自餐d【R公市】,澎湖h
巴里@【R公市】,澎湖h
【R公市】,澎湖h
日新餐d【R公市】,澎湖h
O翁海r小吃【R公市】,澎湖h
砀：ｕr餐d【R公市】,澎湖h
弗洛伊得 音?N房【R公市】,澎湖h
君彤茶@【R公市】,澎湖h
找食g【R公市】,澎湖h
Lun pastry - 宅烘焙坊【R公市】,澎湖h
{21咖啡p食【R公市】,澎湖h
享吃a【R公市】,澎湖h
禳I【R公市】,澎湖h
G.S Cafe'菊色咖啡【R公市】,澎湖h
浪花串【R公市】,澎湖h
岩田S屋【R公市】,澎湖h
老爹火城【R公市】,澎湖h
butterfly Cafe'【R公市】,澎湖h
Cocktailbar.bella【R公市】,澎湖h
R海呛ｕr料理【R公市】,澎湖h
小u家早午餐【R公市】,澎湖h
沐一i排【R公市】,澎湖h
L~人文茶堂【R公市】,澎湖h
吉福小\包【R公市】,澎湖h
外婆I猴【R公市】,澎湖h
看眄小火【R公市】,澎湖h
9458n式烤火&海r吃到【R公市】,澎湖h
海沙屋冷Ｙu店【R公市】,澎湖h
澎湖三哥酒u排【R公市】,澎湖h
望安CAF?【R公市】,澎湖h
Z-黑仔旺旺【R公市】,澎湖h
1818・餐酒^?Bistro【R公市】,澎湖h
澎u之星BBQ【R公市】,澎湖h
吹吹L精品咖啡^-a^^【R公市】,澎湖h
南海a^自助碳烤【R公市】,澎湖h
阿婆y粥【R公市】,澎湖h
e人笑我太d-咖逼coffee【R公市】,澎湖h
秋禾家和L意料理【R公市】,澎湖h
SUNLA【R公市】,澎湖h
{仙草店【R公市】,澎湖h
狐B咖啡^【R公市】,澎湖h
蔡蔬食坊【R公市】,澎湖h
Addict Restaurant a餐d【R公市】,澎湖h
新巴m典麻辣-澎湖吃到【R公市】,澎湖h
澎湖烦吭缥绮汀抉R公市】,澎湖h
海u咖啡^【R公市】,澎湖h
著r甜c P?tisserie Bulbul.【R公市】,澎湖h
嚎海味^【R公市】,澎湖h
鼎趁赘饪店【湖西l】,澎湖h
大城北牛肉I【湖西l】,澎湖h
369O肥澜 碳烤岢疵朗场抉R公市】,澎湖h
泰（泰式料理）【R公市】,澎湖h
山水牛肉I【R公市】,澎湖h
r咖啡 SHILICAFE【R公市】,澎湖h
永明蚵堡【白沙l】,澎湖h
半日e下午茶 ｜ 【白沙l】,澎湖h
阿姨仙人掌冰【白沙l】,澎湖h
花枝丸三兄弟【白沙l】,澎湖h
牧羊人咖啡^【西Zl】,澎湖h
二杏仁茶【西Zl】,澎湖h
R郴ㄖν琛疚Zl】,澎湖h
Ken'sN房(三天前As制)【西Zl】,澎湖h
三山商功夫刈包【西Zl】,澎湖h
外刈包 福庠绮偷辍疚Zl】,澎湖h
南寮L有Cr鲂菹⒄尽竞西l】,澎湖h
澎福古味【湖西l】,澎湖h
番茄r觥竞西l】,澎湖h
Cimei越南大骨I【七美l】,澎湖h
澎湖吹吹L精品咖啡^【R公市】,澎湖h
夏至23.5z影文咖啡【R公市】,澎湖h
二R豆花【西Zl】,澎湖h
原味O村小吃 【R公市】,澎湖h
阿虹的店【西Zl】,澎湖h
咖朵披_ Mercato Pizza【R公市】,澎湖h
老李胡椒【R公市】,澎湖h
⒄港檬汁【R公市】,澎湖h
舒心食光【R公市】,澎湖h
盛|山^【R公市】,澎湖h
菜宅e的小酒^ The Garden Tapas & Bar【R公市】,澎湖h
{洞Apatite【R公市】,澎湖h
紫玉仙草 【R公市】,澎湖h
澎湖仙人掌冰城 【R公市】,澎湖h
阿挺海r【西Zl】,澎湖h
赤加志~I店 【白沙l】,澎湖h
仁品花枝丸【白沙l】,澎湖h
回家澎湖炸物烤物 【白沙l】,澎湖h
大池炸@&~排【西Zl】,澎湖h
澎湖O港I店（O港I） 【R公市】,澎湖h
福台排骨I 【R公市】,澎湖h
蔬脆蛋 【R公市】,澎湖h
~好刺身ｉT店【西Zl】,澎湖h
福牡屋【R公市】,澎湖h
P山t瓦屋L味餐d,台|h
花^光糖S冰品,花h
大^目野食^,台|h
米m客家小^,台|h
莫然@,花h
荷@休f餐d,台|h
布r部落休fr,台|h
玉蟾@,台|h
寒舍茶坊,台|h
光吞S公主咖啡,花h
我的咖啡^,花h
涂肉粽,花h
玉里I,花h
A[[-明利旅行社,花h
秋菊皂坊,台|h
莉旅行社股份有限公司,台|h
大有限公司,花h
全珍品店,台|h
蜂之l - P林蜜蜂生B教育^,花h
蜂之l-中央T市,花h
蜂之l-花站前店,花h
蜂之l-花中A店,花h
_|h卑南l初鹿休frIl展f,台|h
Sdm,花h
深黑x法餐酒^,台|h
胖叔叔烘焙屋,花h
天地人.手料理,台|h
|港益仔海a店,屏|h
佳珍海a店,屏|h
家食堂,屏|h
阿s坊海r餐d,屏|h
O品,屏|h
珍平r海r,屏|h
海味珍海a^,屏|h
益茂海r料理店,屏|h
百海餐d,屏|h
真海r,屏|h
士都海a店,屏|h
味益食品行,屏|h
r道海洋食品文化^(^光工S),屏|h
蜜仔蕃薯糖,屏|h
G芳水岸}合式景^餐d,屏|h
福城f@,屏|h
A珍食品,屏|h
大i承滦潞ｕr,屏|h
遇?秘境,屏|h
S盛食堂,屏|h
巧屋餐d,B江h
友x山f餐,
明星遣d,B江h
依叩牡,B江h
醉仙遣d,B江h
食店,B江h
九榕w餐d,B江h
夫人咖啡^,B江h
L堤荇菜N房,B江h
青~餐d,B江h
味登早餐,B江h
珍膳美餐d,B江h
⒓尹I^,B江h
呷尚早餐,B江h
今友餐d,B江h
烹小r餐d,B江h
福山f中餐d,B江h
星平海r,B江h
和}|L味^,B江h
_江大店,B江h
嘉e餐d,B江h
淞中〕,B江h
找茶冰品店,B江h
R港香林小^,B江h
力安}合式餐坊,B江h
大食店,B江h
和田屋I^,B江h
阿妹的店鼎糊,B江h
三六九小^,B江h
超群西cI包城,B江h
建澍食店,B江h
福d包子店,B江h
福哥I^（|リ高霜淇淋）,B江h
莒d碳烤,B江h
香小吃店,B江h
S金地瓜,B江h
阿婆~I店,B江h
比_大王,B江h
f家香二店,B江h
兵兵友Y意工坊,B江h
T特a店,B江h
大吉品特a行,B江h
合g特a店,B江h
好名a,B江h
第一特a店,B江h
砂短禺a中心,B江h
利食品,B江h
天美店,B江h
R祖酒SI股份有限公司,B江h
l傅 f和食品行,B江h
~之l,B江h
_承旭R祖特a,B江h
B江特a精品中心,B江h
海山S特a中心,B江h
L虹百行,B江h
亨裕超市,B江h
u特a精品中心,B江h
~多多餐d,B江h
一起@A站,
Hugosum和森林t茶f@,南投h
t麴^,南投h
KA,南投h
^音山f餐d,南投h
y油l,南投h
蚓G川民宿/甫田6部落美食餐d,南投h
渫芡ぬ@坊,南投h
鲕,南投h
德化小吃部,南投h
_AG,南投h
新山味餐d,南投h
大城黑糖z^,南投h
黑豆@活~料理餐d,南投h
雅池@餐d,南投h
朝F渡假餐小,南投h
雪花素食,南投h
涵碧谴箫店,南投h
梅荷@日光湖畔,南投h
醪加炅植d,南投h
家l烤肉,南投h
胡切仔I,南投h
胡雄古早I,南投h
春A店,南投h
施家肉A,南投h
阿_姆小吃,南投h
阿s邵族I,南投h
阿菊肉A,南投h
炎g,南投h
河堤慢食,南投h
卓肉丸,南投h
佳和素食,南投h
卓l土客家菜餐d,南投h
李仔哥p肉,南投h
你我他晚c,南投h
西施肉丸,南投h
台澄赌_祜,南投h
古早味野菜餐d,南投h
牛相|花@餐坊,南投h
日光湖畔L味食^,南投h
品厝酒店,南投h
日月潭晶@渡假村,南投h
日月潭富豪群度假e墅,南投h
日月潭教^桃李餐d,南投h
日月潭大店,南投h
方正谷合菜,南投h
支小^,南投h
今日餐d,南投h
大湎氯A,南投h
大Zw大店,南投h
土角厝水上餐d,南投h
九桌子,南投h
pizza factory 披_工S-日月潭店,南投h
February coffee,南投h
Feeling18巧克力工房,南投h
百,南投h
董家肉A-二哥,南投h
阿婆慢慢I,南投h
山之味羊肉餐d,南投h
水里野味王,南投h
丹姐私房菜,南投h
水里羊肉王,南投h
水里Z肉大王,南投h
台二坪枝仔冰,南投h
大^冰店,南投h
董家肉A-四弟,南投h
董家肉A-三哥,南投h
家豆花,南投h
豆花松,南投h
木茶房,南投h
三合院餐^,南投h
埕酒f,南投h
木之村小吃部,南投h
埕梅f,南投h
水里lr真梅^,南投h
埕小店,南投h
菩元珍,南投h
埕景^咖啡,南投h
澄石心天,南投h
埕客,南投h
冬瓜伯,南投h
阿呒t茶^,南投h
s定幸福 - Pizza&Coffee,南投h
La Bello 美妍冰淇淋,南投h
阿什\I,南投h
[茶,南投h
九族文化村,南投h
拂水山f,南投h
日月Q茶^,南投h
日月潭特色[W中心-W都{敉馍揭坝怵^,南投h
林班道w工S,南投h
森林超市,南投h
箱王埕店,南投h
埕社^l展f(火站),南投h
故l林尾,南投h
坊},南投h
生活文^,南投h
日月星舞民宿咖啡f@,南投h
伤K督,南投h
敲敲木工房,南投h
宗行,南投h
造手^,南投h
桃米有水居意餐坊,南投h
日月潭茶f,南投h
Jijibanana集元果^光工S,南投h
心栽茶【日月潭t茶?自然r法】,南投h
日月潭青年活又行,南投h
S年`芝菇生Br,南投h
|益成商-雅f柑仔店,南投h
水社C合商,南投h
佑佑餐坊,南投h
廖lLt茶故事^,南投h
HOHOCHA喝喝茶丨台诚闳赵绿都t茶S,南投h
典大店思麻丹^,南投h
果g酵^光工S,南投h
信xlr-梅子艄S,南投h
膨鼠t茶,南投h
伊斯坦堡市集-日月潭T市,南投h
茶二指故事^,南投h
夏食堂,苗栗h
丈母娘豆干,苗栗h
福南小吃（原唯我V）庭@餐d民宿,苗栗h
江花蜜桂花巷花茶A,苗栗h
珍m,苗栗h
以客唯V,苗栗h
歇心茶,新竹h
桂花@l村^,苗栗h
南庄r家政班美食^,苗栗h
清心@r,苗栗h
南庄抹茶冰,苗栗h
邱麻^,苗栗h
桂花巷荷心咖啡,苗栗h
食@r@餐d,苗栗h
盆^,苗栗h
新品珍古早,苗栗h
古早味擂茶坊,苗栗h
和Srf,苗栗h
高山青V~B殖,苗栗h
老金店,苗栗h
佳l小吃,苗栗h
禾@小吃,新竹h
山|_心小^,台中市
鼎川客家小吃,台中市
李小^,台中市
山江餐店,台中市
山景餐d,台中市
伊豆美食^,台中市
仁友平r小^,台中市
福凵睫r,台中市
大福餐d,台中市
_家小^,台中市
新川生\~餐店,台中市
英英餐d,台中市
卦山月A,彰化h
森18休fr,南投h
星月天空景^餐d,南投h
N禧酒店,彰化h
公u餐d,彰化h
黑公uL味餐d,彰化h
赤_精`,南投h
夜光高F景^餐d,彰化h
桂花森林,南投h
茶米香r,南投h
福井F道文物^,彰化h
南庄媳D的老店,苗栗h
田T口餐d,苗栗h
唯弁@ Vena Manor,彰化h
大丘休fr,彰化h
八堡圳r情^,彰化h
全家便利商店-田中金斗店,彰化h
Ml蜜麻花,彰化h
千巧谷烘焙工,彰化h
田尾世外桃源休frgreenway-cafe,彰化h
N田食品,彰化h
(和７)旅。咖啡,彰化h
新和春u油n物工S,彰化h
真姐pure food,彰化h
^起湖大店,嘉xh
冠餐d,嘉xh
^星@休f民宿（火金姑民宿）,嘉xh
永富餐,嘉xh
登山食堂,嘉xh
大錾叫蓍f渡假中心,嘉xh
雅L山f,嘉xh
竺@山f,嘉xh
湘泉民宿,嘉xh
石桌羊肉店,嘉xh
阿里山w餐d,嘉xh
[吧斯 翡餐d,嘉xh
九九九餐d,嘉xh
山芝lL味^,嘉xh
玉山@餐d,嘉xh
碧湖山^光茶@,嘉xh
幼~林餐d,嘉xh
\~之家(公田\~),嘉xh
美_家r,嘉xh
佳禾u茶,嘉xh
旭隆u茶,嘉xh
春馨u茶,嘉xh
o[山居&阿呖Х,嘉xh
太平廊,嘉xh
冬瓜妹茶~蛋,嘉xh
小心上a-手工黑糖K母片,嘉xh
阿上TEAFARM,嘉xh
花&玉,嘉xh
京品茶c咖啡r,嘉xh
老古板茶m,嘉xh
只在此山中,嘉xh
茶山95客,嘉xh
家手工黑糖,嘉xh
瑞峰u茶所,嘉xh
遇彩虹生B村(原若m火x保育^),嘉xh
水道^老街66番,嘉xh
田u茶S(康茶坊),嘉xh
瑞里小公主咖啡,嘉xh
松S嘻香糖,嘉xh
峰麟山咖啡,嘉xh
瑞茗祥(永鑫茶I),嘉xh
向草~土u城,屏|h
家Y},屏|h
富谷尘坝^休f餐d,屏|h
Kavararan卡瓦拉,屏|h
P百步蛇,屏|h
神山t藜小米甜甜圈,屏|h
t藜夯牛角/小米,屏|h
F台神山塾裆绦,屏|h
好山林咖啡工坊,屏|h
L刮地秋月的店,屏|h
清逸庭@L味餐d,高雄市
答ol力美食坊,屏|h
山_c小吃部,屏|h
山中天,屏|h
廷客休f餐d,屏|h
南_巢惋店,高雄市
姿餐店,高雄市
居高L味餐d,屏|h
地瓜餐,高雄市
唯一咖啡屋,屏|h
清of@,屏|h
闺G海咖啡f@,屏|h
冒屋,屏|h
,屏|h
蝶 Svongvong,高雄市
心伶舒芙蕾,屏|h
L角96,新北市
福A海r餐d,新北市
88水a^,新北市
金山青年活又行,新北市
牧蜂休fr,新北市
阿_活海a,新北市
中~切仔I,新北市
巴沙Z瓦海^,新北市
金翡翠海r餐d,新北市
⒓胰怍,新北市
金山童,新北市
{子林m,新北市
阿玉hN,新北市
九香食坊,新北市
雪豹冰城,新北市
2}炜Х瑞^,新北市
卡_布m加,新北市
自然境人文咖啡^暨ra品展示^,新北市
曼特庭@咖啡,新北市
小艇咖啡,新北市
哈那海咖啡屋,新北市
^u茶,新北市
金山地^r的r特a品展售中心,新北市
竹柏山f,新北市
田中芳@,新北市
狸小路肉Ｙu店,基隆市
八里桃方z森林,新北市
菲废蔡量Хd,基隆市
小白屋烤海r餐d,基隆市
八斗邀友善餐d,基隆市
小峨嵋川菜^,基隆市
珍味香店,基隆市
O品,基隆市
福馕行,基隆市
蔡技企I有限公司-蔡技食品,基隆市
B珍糕店,基隆市
私人uZ,基隆市
}托里尼海景餐d,基隆市
猫町珈i,基隆市
巴基斯坦N房（真劭Яǎ,基隆市
春金活海a,新北市
米堤-O北{c,新北市
湖海尺鬟骺Х冗[客服照,基隆市
七股 / T客２d(@x⒓2010台趁朗痴固厣餐d),台南市
田L盈海味屋,台南市
布袋 / 黑皮意海r料理^(@x⒓2010台趁朗痴固厣餐d),嘉xh
林 / R蹄蛤生B休f@^(@x⒓2010台趁朗痴固厣餐d),林h
福隆餐d(@x⒓2010台趁朗痴固厣餐d),台南市
布袋 / 海中海a,嘉xh
|石 / s海r餐d(@x⒓2010台趁朗痴固厣餐d),嘉xh
安南^ / |香台菜海r餐d(@x⒓2010台趁朗痴固厣餐d),台南市
|石 /上好吃海a店(@x⒓2010台趁朗痴固厣餐d),嘉xh
|石 / 海@餐d(@x⒓2010台趁朗痴固厣餐d),嘉xh
}l民宿餐d,台南市
好r啄猩,林h
北TZp食L味餐,台南市
|石阿春小吃福袋蚵仔包,嘉xh
布袋停看吃蚵仔包,嘉xh
布袋p燕蚵仔包,嘉xh
宜梧蚵嗲,林h
金湖蚵嗲,林h
|石 60 年老店蚵嗲,嘉xh
^R口蚵嗲,嘉xh
布袋古早味蚵嗲,嘉xh
新e蚵嗲,嘉xh
北T阿善蚵嗲,台南市
三寮承惚舔锣,台南市
R沙羌因锣,台南市
青H秀里蚵嗲,台南市
青H古早味蚵嗲,台南市
青H尚好味蚵嗲,台南市
青H美人蚵嗲,台南市
山阿宗蚵嗲蚵仔I,台南市
山纺_王蚵嗲,台南市
山R口蚵嗲,台南市
七股三不等蚵嗲,台南市
永吉蔡家古早味蚵嗲,台南市
三股蝾^蚵嗲,台南市
三股蝾^姐妹蚵嗲,台南市
三股蝾^61蚵嗲,台南市
三股蝾^阿七股蚵嗲,台南市
下R口|蚵仔煎,林h
|石老饕蚵仔煎,嘉xh
蚵寮阿M岢吹牝伦屑,台南市
南H怯酒螺,台南市
金湖肉粽,台南市
三股肉粽,台南市
^厦滋δ,嘉xh
下炸@,林h
孜R後阿婆碗@,林h
孜嗉灞P@,林h
三股海rI,台南市
家l鹘y美味海rI,台南市
三家村春I,嘉xh
J竹详春I,台南市
土城郭家X~意I,台南市
副|手工z^,嘉xh
新e包子z^,嘉xh
土城仔伯手工包子z^,台南市
金湖古早味肉羹,林h
下文堂肉羹,林h
土城仔新厝~羹,台南市
土城仔~肚清虱目~肚,台南市
孜嗨煎包,林h
|石水煎包,嘉xh
新e水煎包,嘉xh
下老周冰豆花,林h
^隙够,嘉xh
布袋三多鹘y豆花,嘉xh
新e冷龆够,嘉xh
北T豆花,台南市
南H豆花伯豆花,台南市
祖m阿娥豆花,台南市
孜嚓家大姊大c包小c,林h
蚵寮A仔,台南市
土豆i_,台南市
姓土豆i_,台南市
下土苁硖靠镜毓,林h
北T五王蚩镜毓,台南市
七股f炭烤地瓜,台南市
口湖r村社^小m,林h
好美船屋,嘉xh
亮哥生BL味wB殖,台南市
黑皮c白牙小吃部,嘉xh
T2 COFFEE,台南市
密枝果r之家,台南市
隆田酒S,台南市
醉月,台南市
香水花@,台南市
严闶程,台南市
柳I尖山埤渡假村,台南市
枋_堡山a土u城,新北市
黑白毛小吃,新北市
新港海r餐d,新北市
r大王餐d,新北市
海洋城活海r餐d,新北市
海王子海r餐d,新北市
田海景咖啡餐,新北市
藏酒酒f,宜mh
高S餐,宜mh
昭洋海a,宜mh
④茶~蛋,宜mh
李魅事榧^,宜mh
王老五p形象^,宜mh
掌上明珠,宜mh
阿海海r部,宜mh
大海S活海r,宜mh
永S活海r餐d,宜mh
新建利冰店,宜mh
水都活海r,宜mh
跏港活海r餐d,宜mh
^城休fr,宜mh
上好味海r,宜mh
更新海a老店,宜mh
W元O坊,宜mh
l芋冰老店,宜mh
^城F肉大cI,宜mh
挪方舟,宜mh
之@餐d,宜mh
喜露F味＜,宜mh
H家母w虎丸,宜mh
富美活海r,宜mh
K澳港R口米糕,宜mh
PQ羊羹本m,宜mh
K澳R口米粉羹,宜mh
手捍I,宜mh
阿英小吃部,宜mh
武N坑虹V休f餐,宜mh
S金咖啡海岸,新北市
92kL末食堂-九恩商行,新北市
咱z,新北市
阿宗芋冰城,宜mh
六喜小^,金Th
永春V|粥,金Th
津味V|稀粥,金Th
科V|粥,金Th
成V|粥,金Th
阡湖餐d,金Th
金瓦城,金Th
榕T小^,金Th
M天星餐,金Th
葡京餐d,金Th
盈春w餐d,金Th
c店,金Th
山西拌ILs商行,金Th
中南海中式餐d素食^,金Th
三犬西餐d,金Th
加州比_屋,金Th
t屋餐,金Th
爵士x大利,金Th
就是十,金Th
集成小吃部,金Th
d小吃店,金Th
香百合,金Th
}式,金Th
sl小吃店,金Th
美餐,金Th
金岐小吃店,金Th
金城[油,金Th
金一店,金Th
妙香小吃店,金Th
擞小食店,金Th
x煌小吃店,金Th
呷爸,金Th
永硐阈〕缘,金Th
三S,金Th
一六八小吃店,金Th
泉三肉粽大王,金Th
阿婆I,金Th
tu屋食坊,金Th
成功N^,金Th
民生美食^,金Th
生QI,金Th
老地方小吃店,金Th
珍香小吃店,金Th
榕榕@I^,金Th
廷茱店,金Th
成功小吃店(新成功小吃店),金Th
德海r餐d,金Th
老六小吃店,金Th
成涮涮,金Th
吧_啤酒屋,金Th
老爹牛肉I,金Th
高坑牛肉店,金Th
喜相逢小吃店,金Th
金T牛家f,金Th
九八餐d,金Th
大石^,金Th
吉祥餐,金Th
巧味香,金Th
金山找咖啡,金Th
金大美食^,金Th
金水食堂,金Th
金S@,金Th
|T餐d,金Th
周傅肉,金Th
檬香茅健康火,金Th
偌t,金Th
巴布x式咖啡^,金Th
好口味海r^,金Th
阿芬海a店,金Th
t,金Th
新天地海a餐d,金Th
天,金Th
群英,金Th
金海岸餐d,金Th
香草庭@,金Th
洪傅金餐d,金Th
海洋餐d,金Th
泉民水果料理餐,金Th
微L海,金Th
泰餐d,金Th
n味_仁n料理,金Th
S厝三敲袼,金Th
l小吃,金Th
海の玉子u,金Th
芹壁休f渡假村,B江h
r美廉糕店,B江h
f和}合式咖啡d,B江h
福餐d,B江h
北竿塘海r,B江h
食小吃,B江h
一家六口,B江h
L堤咖啡屋,B江h
坊玉餐d,B江h
R祖小吃,B江h
第一餐d,B江h
林x和工坊,B江h
津沙老酒^,B江h
}|之珠,B江h
R祖L味小^,B江h
香林小吃,B江h
皇餐d,B江h
餐^,B江h
神r居,B江h
餐d,B江h
欣欣餐d,B江h
友x山f,B江h
淞,B江h
A美美食,B江h
合g餐d,B江h
^海,B江h
白日,B江h
四川麻辣牛肉I,B江h
素食@,B江h
阿妹的店,B江h
利,B江h
天堂B,B江h
古街咖啡,B江h
大雄自助式碳烤,B江h
利豆腐店,B江h
佳返案,桃@市
正中崎本m,桃@市
郭食品有限公司,桃@市
郭名c,桃@市
老\鬯,桃@市
摸油,桃@市
灶_小^,桃@市
金河冬粉丸,桃@市
元l食店,桃@市
桃@^光夜市,桃@市
瑞士l村rf,桃@市
八方@客家餐^,桃@市
首蹩图液ｕr餐d,桃@市
稻l村客家f,桃@市
家土u城,桃@市
素S肚,桃@市
三角店客家菜包,桃@市
菜包店,桃@市
中原夜市商圈,桃@市
中扔^光夜市,桃@市
U@人文花@餐d,桃@市
翁家堡池畔餐d,桃@市
老大秋牛肉I,桃@市
南^,桃@市
老三牛家f,桃@市
团d航？航B,桃@市
信宏Z肉,桃@市
郭Z肉海a店,桃@市
情魔幻豆子主}^(慈湖店),桃@市
知味花生糖,桃@市
山水餐d,桃@市
全家福客家菜^三和^,桃@市
松~@,桃@市
老^[客家菜,桃@市
大江屋凸挪d,桃@市
石@活~餐d,桃@市
G野l村湘菜^,桃@市
王朝湘菜活~餐d,桃@市
新泉花@餐d,桃@市
Y府宴,桃@市
佳@活~餐d,桃@市
小蛄魉活~餐d,桃@市
北合活~餐d,桃@市
金@活~餐d,桃@市
祥和@活~餐d,桃@市
全家活~餐d,桃@市
大溪山水庭@餐d,桃@市
豆私房菜(阿xrf),桃@市
里L咄爰@,桃@市
_摩小吃店,桃@市
香草Amy手工乳酪蛋糕,桃@市
豆花,桃@市
快诽焯米约液姹嚎Х瑞^,桃@市
解放咖啡^,桃@市
焦c咖啡,桃@市
大房食品股份有限公司(大房豆干),桃@市
蜂蜜黑心肝,桃@市
f里香食品S,桃@市
f友餐d,桃@市
|湖活~餐d,桃@市
海宴餐d,桃@市
溪友L味料理店,桃@市
三小吃店,桃@市
金字塔三角A,桃@市
福R活~餐d,桃@市
水源地餐d,桃@市
S日香(股)公司,桃@市
桃@市r,桃@市
中祥食品工I(股)公司,桃@市
阿金嫂鹘y小吃,桃@市
兄素肉A,桃@市
一力佳包子z^Ｙu店,桃@市
客味雅f客家美食,桃@市
唐米干,桃@市
|北酸白菜火,桃@市
美香食,桃@市
大方m州拉I^,桃@市
夫妻肺片,桃@市
李太太海a料理店,桃@市
甘泉~I,桃@市
玉m活~（原石m）,桃@市
大@^良|米aN第一班,桃@市
蜜蜂蜜,桃@市
新珍香m,桃@市
星之倏Х让朗仇^,桃@市
^天下景^餐d,桃@市
心m活~餐d,桃@市
情花生糖(潭店),桃@市
x美食品生a．生B．生活S^(x美食品公司),桃@市
新屋^r生r超市,桃@市
桑葚^光果@,桃@市
卡司?蒂@（金格^光工S）,桃@市
生生A美食,桃@市
香草蛋糕m,桃@市
郭元益食品,桃@市
wi_,桃@市
_厨P月堂有限公司,桃@市
提客家小^,桃@市
亨味食堂,桃@市
美N@餐d,桃@市
大蠲幅Zf 潭分店,桃@市
\家御宴,桃@市
Amour 阿沐(原 茂@和h美食^),桃@市
品苁跤膳^,桃@市
友福花@rf,桃@市
大中腮Zf,桃@市
善@客家小^,桃@市
采f庭@餐d,桃@市
p餐^,桃@市
千Z肉店,桃@市
土厝凸判○^,桃@市
老地方客家菜,桃@市
欣@餐^,桃@市
金欣Z肉亭,桃@市
阿海食店,桃@市
t客家小^,桃@市
桂竹屋餐d,桃@市
桃@金Z肉店,桃@市
lHZ肉店,桃@市
G@餐d(埔心牧),桃@市
@餐^,桃@市
SAHA料理中央N房(`哈有限公司),桃@市
城市商旅-桃@^ B1附O餐d,桃@市
石T山厝^,桃@市
南方f@渡假店,桃@市
福容大店　桃@,桃@市
多森林厝酒店,桃@市
亦然手工皂,桃@市
托斯卡尼尼x大利餐d-桃@店,桃@市
PN高夫l村俱凡,桃@市
托斯卡尼尼x大利餐d-中鹊,桃@市
紫竹林B生JC@,桃@市
|和音敷w^,桃@市
泰味^-泰式料理,桃@市
可口可肥澜,桃@市
玉山廊  (子月作坊之w店),桃@市
老K舒眠文化^,桃@市
江豆腐乳文化^,桃@市
金mu油博物^,桃@市
天下奇冰^(中原店),桃@市
蕃薯藤有CＹu-桃@林口店,桃@市
蕃薯藤有CＹu-八德埤塘店,桃@市
蕃薯藤有CＹu-中却然莸,桃@市
蕃薯藤自然食堂-桃@南店,桃@市
春天r,桃@市
柚子花花青春客家菜─桃@店,桃@市
MM客家菜^,桃@市
碧@餐^,桃@市
阿擅赘,桃@市
罴⑦^蛎拙米干,桃@市
旗屋米干,桃@市
小云滇,桃@市
版{傣味,桃@市
阿秀米干,桃@市
蔡米干,桃@市
泰^(店),桃@市
阿美米干,桃@市
合家g阿婆I店,桃@市
峰南L味^,桃@市
嫘○^,桃@市
忠米干,桃@市
清真合u菜-W妹小N,桃@市
忠l米干,桃@市
阿里咖哩,桃@市
黑妞木瓜z,桃@市
忠甩,桃@市
美珍香料s,桃@市
拉拉山小吃店(海萍茶@),桃@市
鼎太公t麴F味,桃@市
宏旺食品有限公司,桃@市
Sr,桃@市
G品坊(佳科技工程股份有限公司),桃@市
秘丞手作工坊,桃@市
妮可O工作室,桃@市
莎呦g坊,桃@市
砀Ｐ腔@大店,桃@市
老家夫妻肺片,桃@市
小^,桃@市
新百王餐d,桃@市
}|小^,桃@市
七彩南(八德店),桃@市
The Pluto布特餐d,桃@市
丹R克咖啡^,桃@市
正一排骨,桃@市
P工作室,桃@市
竹峰茗茶,桃@市
芊香@工作室,桃@市
阿牌生F,桃@市
川T子美食r尚餐d,桃@市
大四喜北方I食(中央店),桃@市
上美食,桃@市
真多福客家美食,桃@市
新客家美食,桃@市
新D角手作料理,桃@市
皇帝X^,桃@市
伍角灯小吃,桃@市
香居雅f餐d,桃@市
酒S凸判○^,桃@市
古秀才客家海r^,桃@市
八K室,桃@市
大溪拿破派,桃@市
WR德G建B部,桃@市
祥xC器人艄S,桃@市
大溪老茶S,桃@市
台塑企I文物^,桃@市
小人主}@,桃@市
大溪t雅f餐d,桃@市
宏巧克力共和,桃@市
郭元益糕博物^,桃@市
光泉牛奶@地（大@S）,桃@市
太平洋自行博物^,桃@市
南S桃@生活w@^,桃@市
雅魅力博[^,桃@市
GFunC能生活^,桃@市
大溪Zf客家餐^,桃@市
飨憧图也宛^,桃@市
B范喙S,桃@市
大江H物中心,桃@市
阿姆坪餐d,桃@市
大自然水旎铘~,桃@市
金m活~餐d,桃@市
全家\活~餐d,桃@市
六福亭活~餐d,桃@市
e活~湘菜餐d,桃@市
南@活~餐d,桃@市
大石T活~餐d,桃@市
福隆活~土u餐d,桃@市
石T花@活~餐d,桃@市
@活~土u餐d,桃@市
山霸王活~土u餐d,桃@市
十一份土u活~餐d,桃@市
蝾^活~餐d,桃@市
糊口老街客家活~餐d,桃@市
石湖活~餐d,桃@市
星活~餐d,桃@市
石峰活~餐d,桃@市
全家福活~餐d,桃@市
sf\活~,桃@市
阿枝蜂蜜,桃@市
A谷茗茶u茶S,桃@市
源元l食店,桃@市
情花生糖(桃@中正店),桃@市
情花生糖(桃@店),桃@市
里斯x大利I餐d,桃@市
正S米,桃@市
好r休fr(好rrf),桃@市
老阿伯FF豆干,桃@市
大溪全家福海r餐d,桃@市
情花生糖(平延平店),桃@市
情花生糖(潭交流道旗店),桃@市
B城原木g^,桃@市
情花生糖(中拳h北店),桃@市
廖心m豆干店,桃@市
`哈P中央N房,桃@市
黑松料博物^,桃@市
金咖啡文教^,桃@市
CAFE!N x DICKIES 名咖啡^光工S (源友咖啡文化@^),桃@市
福源茶S,桃@市
中台Y源科技^光工S,桃@市
A泰名品城,桃@市
台茂物中心,桃@市
春稻企I股份有限公司,桃@市
_能工作室,桃@市
台尘┐-千塘G,桃@市
菲蝴布工作坊,桃@市
向食品有限公司,桃@市
双霖茶f,桃@市
鄣厍蚰竟し,桃@市
大公a烤a斛a－大呼奇a食品有限公司,桃@市
基富食品有限公司,桃@市
豆之家食品科技股份有限公司,桃@市
cwayx式餐坊,桃@市
?a Va餐d,桃@市
大G大[x大利手工G烤披_,桃@市
微笑野蔬咖啡^,桃@市
安R斯café,桃@市
大麻物大有店,桃@市
A川宴麻辣x火(J竹店),桃@市
晶宴^(桃@^),桃@市
飨忝朗仇^,桃@市
八德市-u世家,桃@市
大成市-香A食品,桃@市
潭市-大鳇I,桃@市
中刃旅魇-鹘y道地南美食,桃@市
大@市-f佳香肉,桃@市
中扔^光夜市-混蛋爆r,桃@市
中扔^光夜市-F子油,桃@市
桃@^光夜市-烤R薯,桃@市
168泰式料理,桃@市
中扔^光夜市-鬯,桃@市
中扔^光夜市-祥伯|山^,桃@市
中平素食之家,桃@市
O之村景^旋D餐d (原航空港360度景^旋D餐d),桃@市
正福伯活海r,桃@市
矍俸：０犊Хd,桃@市
G色隧道海r餐坊,桃@市
山本海a店,桃@市
m小吃,桃@市
尚品雅宴rf,桃@市
花枝忠活海a店,桃@市
Q幼r生猛活~海a,桃@市
永安61庭@咖啡,桃@市
姊妹活海r,桃@市
大田花餐d,桃@市
原味海r(中仍味),桃@市
品味快炒小吃店（原永安O港 珍味生猛海r）,桃@市
天水海r^(原北海岸),桃@市
永安港50年老店,桃@市
卡托米利庭@咖啡,桃@市
西荷食堂,桃@市
游海a,桃@市
月光,桃@市
源古本m,桃@市
下街四十番地工房,桃@市
五色B故事^,桃@市
新南12,桃@市
桃@市大溪文化f/草店尾小客d,桃@市
m室茶坊,桃@市
姚茶^私房料理,桃@市
Global Mall桃@A8,桃@市
七彩南(忠店),桃@市
光碗仙小^,桃@市
阿美金三角c心,桃@市
阿o忠米干,桃@市
南人家L味餐^,桃@市
南小^,桃@市
l味米干,桃@市
大h南拉I^,桃@市
|枝食品,桃@市
福容大店 桃@C鼋葸\ A8(。会所),桃@市
葡萄王健康活力能量^,桃@市
老四川巴蜀麻辣C-桃@店,桃@市
匠骰子牛肉I 南本店,桃@市
翻D甜c,桃@市
德T居r,桃@市
有涫肿魈鹌,桃@市
M福港式D店,桃@市
森料理,桃@市
星上星港式茶,桃@市
品香殿潮州砂粥,桃@市
PINEDE 彼榷淠店,桃@市
定迎有限公司,桃@市
TINAN房大溪店,桃@市
桃@高夫俱凡,桃@市
大麻物文店,桃@市
游百年油,桃@市
欣欣u茶S,新竹h
RT Baker House(竹北店),新竹h
美秋食店,新竹h
阿M姑古早味手工,新竹h
三姊妹小吃店,新竹h
大鼎餐d,新竹h
富楷u茶所,新竹h
峨眉茶行,新竹h
Torop和食,新竹h
布雷克庭@咖啡,新竹h
精`村N房,新竹h
B茂,新竹h
蛟海人文客家菜^,新竹h
⒓易Fu,新竹h
新城L糖休f@^,新竹h
海休f茶S,新竹h
吉瓦斯小N（高山椴木香菇u）,新竹h
松柏w,新竹h
山中髌骢r奶麻^,新竹h
阿娟姐客家y菜,新竹h
阿娟姐客家y菜,新竹h
康f小吃,新竹h
黑人高粱香c,新竹h
新A茶@,新竹h
_臣t茶(股)有限公司,新竹h
高u茶S,新竹h
林月冰m,新竹h
老兄牛肉I,新竹h
姜太公柿,新竹h
湖口芋^,新竹h
丹Q中日式意料理,新竹h
醋活文化^,新竹h
12咖啡,新竹h
川味仙客家菜^,苗栗h
桐花村,苗栗h
倥d客,苗栗h
蒸烹派餐d,苗栗h
巴巴坑道,苗栗h
好有餐d,苗栗h
老主客家菜,苗栗h
l村客,苗栗h
t食府,苗栗h
荷塘居,苗栗h
傅餐^,苗栗h
鹿野^,苗栗h
f古庭@膳坊,苗栗h
新味全餐d,苗栗h
福伏I店,苗栗h
Q山^,苗栗h
秘密花@,苗栗h
r代店,苗栗h
骷冶げ宛^,苗栗h
\水厝店,苗栗h
意N房,苗栗h
w牛牧雯ぜtY}x式餐d,苗栗h
w牛牧雯わw牛餐d,苗栗h
田牛奶故l餐坊,苗栗h
苑e@餐d,苗栗h
A小吃,苗栗h
香格里拉@－古早味餐d,苗栗h
仙山仙草,苗栗h
仙山r@,苗栗h
丹鞑d,苗栗h
小^,苗栗h
好牛肉I,苗栗h
福欣@餐^,苗栗h
山那?G~方舟,苗栗h
西湖渡假村─御花苑中餐d,苗栗h
卓也小屋,苗栗h
亮玉客家美食^,苗栗h
新月梧桐三x店,苗栗h
山城}合式庭@餐d,苗栗h
湖畔花rg,苗栗h
公^牛肚大王,苗栗h
巧餐d,苗栗h
I千典生活^,苗栗h
m庭rf庭@餐d,苗栗h
布洛瓦烘培餐坊,苗栗h
艾蜜奇x大利坊,苗栗h
酒酷主}餐d,苗栗h
_泰Fantastic Thai,苗栗h
台三香意r,苗栗h
花自在食宿^,苗栗h
山林雅境,苗栗h
阿水食店,苗栗h
王府大店,苗栗h
永d海r餐d,苗栗h
杜石地一,苗栗h
全花@l村俱凡?中餐d,苗栗h
全花@l村俱凡?古斯托西餐d,苗栗h
御N川菜餐d,苗栗h
泰安^止厝^,苗栗h
厝^,苗栗h
石中臼香草庭@,苗栗h
谷巴休f渡假村,苗栗h
欣桂竹@生活g餐d,苗栗h
~~小吃店,苗栗h
彭屋?客家小^,苗栗h
那布勒斯洋食^,苗栗h
阿呆B刀切牛肉I(苗栗店),苗栗h
南食府,苗栗h
海岸海a城,苗栗h
苗栗特色^t行^,苗栗h
喜朵新洋食^,苗栗h
F道A站,苗栗h
三x土u城花@餐d,苗栗h
也居一,苗栗h
岸之溪,苗栗h
B人餐d (天空之城),苗栗h
新方切〕缘,苗栗h
M意I食坊,苗栗h
老北方m子,苗栗h
金~山f,苗栗h
南庄?橄,苗栗h
天泉牛肉I,苗栗h
快诽K打HAPPY SODA,苗栗h
ISx式餐d,苗栗h
王甫尹餐d,苗栗h
新味小^,苗栗h
父御宴餐d,苗栗h
G池庭@餐d,苗栗h
月桂冠花@rf,苗栗h
牛诟C茶餐^,苗栗h
_巢o刺虱目~Ｙu,苗栗h
斗ㄆ核^,苗栗h
范^家,苗栗h
M莉zx大利I、p食、午茶,苗栗h
老田寮客家美食^,苗栗h
湖畔咖啡屋,苗栗h
吉小^,苗栗h
啦邦客菜^,苗栗h
穿老屋豆腐坊,苗栗h
nL（n式料理）,彰化h
玉津香m,彰化h
林桔@蜜T行,彰化h
吉高菜,彰化h
肉Ax,彰化h
冰火冰品店,彰化h
福井食堂,彰化h
鹿仔港~肉,彰化h
x碧珍食品行,彰化h
阿南民俗小吃,彰化h
|A素食I茶,彰化h
鹿港永香民俗小吃,彰化h
鹿港新竹\r丸,彰化h
鹿港阿婆麻^m,彰化h
鹿港素珠芋丸,彰化h
i小丸子,彰化h
oI不坐I糊,彰化h
蔡捎,彰化h
鹿港阿道r猴酥,彰化h
三姐妹蚵仔煎,彰化h
古茨茶坊,彰化h
鹿港黑松仔I,彰化h
海珍蚵仔煎Ｙu店,彰化h
鹿港肉皮王,彰化h
鹿港脆皮u蛋糕,彰化h
台北小\包,彰化h
仕佳食品限公司,彰化h
老全i血I,彰化h
鹿港王芋丸,彰化h
健d糖仔店,彰化h
鹿港老街古早商行,彰化h
Ad曾m,彰化h
金M意I糊,彰化h
好快餐,彰化h
卦山月@景^餐d,彰化h
阿秀羊肉t,彰化h
阿枝羊肉t,彰化h
钭蓄^羊肉店,彰化h
彰麻辣火,彰化h
元春子^,彰化h
永(I担永),彰化h
R口第一家,彰化h
黑c肉粽,彰化h
桂花巷人文茶^,彰化h
阿舍茶,彰化h
怡古S人文茶^,彰化h
海露佳味^,彰化h
老街I食^,彰化h
益骨多十全跖殴,彰化h
春耕L味茶,彰化h
元味甜品屋,彰化h
榕湎掳⑵哦够,彰化h
茶m-阿\I休f茶,彰化h
鹿鼎o三色A,彰化h
大碗公挫冰,彰化h
台茶八t茶Ｙu店,彰化h
四季葡萄酒(路葡萄酒f),彰化h
老n蜜T(泰蜜T),彰化h
P梨w果酥(思佳食品有限公司),彰化h
百S酒f(百S酒f股份有限公司),彰化h
桂A蛋糕(珍香食品有限公司),彰化h
阿振I茶,彰化h
宴y蛋糕(巧味珍肉包),彰化h
艾草之家(艾r生物科技有限公司),彰化h
「花」花椰菜干(溪湖果菜市龉煞萦邢薰司),彰化h
W可冷茶(W可茶~科技有限公司),彰化h
丁傅麻^,彰化h
\dm,彰化h
玉珍S,彰化h
Ldm,彰化h
旭美珍m,彰化h
珍味,彰化h
朝和m,彰化h
三和珍,彰化h
美食品,彰化h
松蕊行,彰化h
老成珍,彰化h
梅香源,彰化h
盛翔隆食品,彰化h
九S,彰化h
玉珍（山店）,彰化h
阿诛,彰化h
里昂Sweet烘培,彰化h
品峻蜂I坊,彰化h
|茂茗茶,彰化h
凰珍诛,彰化h
洪傅旺硐泔m,彰化h
豆花王,彰化h
大明火I,彰化h
二水古早I,彰化h
阿琴炒I香,彰化h
且媾d蚵仔煎,彰化h
鹿港阿文羊肉,彰化h
壹咖啡,彰化h
再源油品dI有限公司,彰化h
d珍m,彰化h
鹿港山手工麻^,彰化h
鹿港二鹿牛糖,彰化h
玉珍m,彰化h
鼎泰d水蒸蛋糕压挪d,彰化h
王功土香王,彰化h
松本坊彩^酥始店,彰化h
S月亮r猴酥,彰化h
林明堂素食I,彰化h
光A亭,彰化h
大S民俗肉粽,彰化h
h彬水晶,彰化h
老傅肉,彰化h
振味珍（阿振肉包）,彰化h
濠\餐d,彰化h
生炒五味,彰化h
老肉包,彰化h
山~肉羹,彰化h
木生海r^,彰化h
鹿港施米糕,彰化h
蚯蚓山I糊,彰化h
石心,彰化h
源泉活海r餐d,彰化h
牧鲋I冰棒,彰化h
山海珍羊肉店,彰化h
王功浠詈．a,彰化h
益源豸~子,彰化h
王功巷仔闰伦姓,彰化h
泉芳枝仔冰,彰化h
洪S身蚵仔炸,彰化h
大城公^羊肉t,彰化h
鼠I,彰化h
彭家屯牛肉I,彰化h
~市p肉,彰化h
石井屋日式料理,彰化h
文卜@仔,彰化h
阿章肉A,彰化h
sx蛤仔I,彰化h
阿益蒸,彰化h
彰化蛤仔I,彰化h
杉行碗@,彰化h
老担阿璋肉A,彰化h
黑肉I,彰化h
彰化A,彰化h
北T口肉A,彰化h
彰化肉包成,彰化h
西T肉A仔,彰化h
阿三肉A,彰化h
彰化素食,彰化h
f芳蛤仔I,彰化h
府前阿章p肉,彰化h
彰化木瓜牛乳大王始店,彰化h
蚵ㄚ仁,彰化h
奇美公路店,彰化h
阿添蛤仔I,彰化h
肉包李,彰化h
福成素食,彰化h
路口肉粽,彰化h
阿泉p肉,彰化h
苔l花生,彰化h
玉A珍名a麻^,彰化h
大元行,彰化h
彰化卦山,彰化h
黑公uL味餐d,彰化h
阿硌蛉獾,彰化h
S花肉羹,彰化h
爆炸u台沉侠聿d,彰化h
花山中居^景餐d,彰化h
小r候豆,彰化h
大村w,彰化h
蕃薯市八A仔冰,彰化h
肉,彰化h
北T肉粽行,彰化h
阿火米苔目,彰化h
O光森林,彰化h
黑竹@,彰化h
米糕榕,彰化h
大胖凸皮I,彰化h
九重炊油[@,彰化h
心食上,彰化h
肉s,彰化h
周蒸,彰化h
wB生Y粉,彰化h
溪湖糖S枝仔冰,彰化h
溪湖香胡椒,彰化h
阿明羊肉t,彰化h
罴烤土a羊肉t,彰化h
xl烘焙生活^,彰化h
大牛肉I,彰化h
阿修的排骨,彰化h
RdR舌、R蹄,彰化h
太祖~羹,彰化h
R山,彰化h
V香居食品,彰化h
崧@日式食坊,彰化h
美味海r小吃,彰化h
和美阿邬Z肉,彰化h
新黑餐d,彰化h
父水蒸蛋糕z^,彰化h
@,彰化h
船],彰化h
阿咚椒坎,彰化h
G海景^餐d,彰化h
Z肉旺,彰化h
李振x扁食食燕,彰化h
光老店 p肉,彰化h
阿源炸@店,彰化h
洪瑞珍店,彰化h
肉A生,彰化h
肉A瑞,彰化h
肉A火,彰化h
李老城肉脯店,彰化h
坤羊肉店,彰化h
阿每溪州土羊肉,彰化h
林庭@咖啡^,彰化h
田f休f餐d,彰化h
永飞^l展f,彰化h
匙薪止旁缥杜Ｈ恻I,彰化h
北斗肉A,彰化h
舍咖啡商行(右舍咖啡),彰化h
好客茶,彰化h
春有晴咖啡^,彰化h
店小二食品行,彰化h
鹿港鹘y粉@冰,彰化h
珍味,彰化h
好家香肉脯店,彰化h
津津民俗小吃,彰化h
孩提咖啡,彰化h
旭}旺amI有限公司,彰化h
鹿港金盛堂,彰化h
阿婆Z炸u香u排,彰化h
金a蚵嗲,彰化h
肉Ax,彰化h
邱食品行,彰化h
淌称沸,彰化h
利昌食品行,彰化h
法菲曼咖啡精品原料,彰化h
克昌珍食品行,彰化h
魏牛肉I,彰化h
f豆素食,彰化h
新吉利餐d,彰化h
台盛r,彰化h
新高乙r餐d,彰化h
阿束社咖啡f@,彰化h
正宇ra商行,彰化h
明月清L手作烘培,彰化h
淘米肥呤@地^,彰化h
c昌米粉加工社,彰化h
日春米粉加工社,彰化h
老L垧B生酒坊,彰化h
崂u南洋蔬食茶堂,彰化h
王者之蚵,彰化h
幸福手工I包,彰化h
食^天下婚宴^,彰化h
禾火食堂,彰化h
熊R甲手工煎,彰化h
sweego水水果,彰化h
台S高夫俱凡,彰化h
冰粽l明^,彰化h
o家烘焙坊,彰化h
正彰化肉A,彰化h
油籽W堂T市w^,彰化h
巷咖啡,彰化h
FR咖啡,彰化h
掬翠拾蔬食作料理,彰化h
二水-水煎包及I,彰化h
明山大店,南投h
至膳@餐d,南投h
新明山木屋渡假村餐d,南投h
溪^青年活又行牟d,南投h
鹿谷^光r@民宿餐d,南投h
溪^溪谷餐d,南投h
茶曲亭,南投h
和雅谷餐d,南投h
金竹味餐d,南投h
烹公竹山炒花枝小吃部,南投h
杉林溪森林生B渡假@^大店,南投h
金上@餐d,南投h
小上海c心城,南投h
友德意I,南投h
的家,南投h
阿草的店,南投h
古早味碗@,南投h
日月潭教^,南投h
峰林山f,南投h
竹山蕃薯pGr,南投h
溪^福林餐d,南投h
田精@餐,南投h
阿森臭豆腐蚵仔I,南投h
富隆f餐d,南投h
伯利a茶餐d,南投h
山餐^,南投h
竹２d,南投h
麒麟潭湖I餐,南投h
中城餐d茶民宿,南投h
鹿鼎f,南投h
二坪枝仔冰,南投h
世黥~羹,南投h
香蕉蛋,南投h
福城Y缸u,南投h
一|香蕉冰淇淋,南投h
ndS金船（集集香蕉酥）,南投h
光的事人文休f^,南投h
道六黑皮臭豆腐,南投h
E子叔叔xI工坊埔里店,南投h
省福王品桂花酸梅,南投h
阿M姨庄_菜,南投h
R德堡烘培屋,南投h
集集火^原味N房,南投h
集集火票,南投h
y杏森林,南投h
大埔F板,南投h
有田日本料理,南投h
金都餐d,南投h
孟宗山f中餐d,南投h
清境休ff,南投h
望溪撬厥巢d,南投h
肉A李百年老店,南投h
f廴A,南投h
草屯芙玉日式r奶豆腐冰坊,南投h
木茶房餐d,南投h
永光堂大a蛋,南投h
家香食品(股)公司-台陈榧^主}^,南投h
竹山古早味碗@嫂仔,南投h
阿x伯碳烤番薯,南投h
阿桃宰屑@,南投h
竹山~,南投h
蜂蜜青草茶,南投h
北港香菇肉羹,南投h
佳香煎,南投h
R口米糕,南投h
花珍婚宴景^餐d,南投h
森田意料理,南投h
石^日式炭火肉,南投h
川前屋,南投h
小春日本料理,南投h
人^草屯店,南投h
典餐店(草屯),南投h
r友火,南投h
雪山n式料理(草屯店),南投h
鼎唐L,南投h
神日式涮涮(草屯店),南投h
大h茶Z,南投h
p冬好味土u城,南投h
@餐d,南投h
台一寤莛^-南芳花@宴d,南投h
天水大店水上餐d,南投h
TASTY西堤草屯碧山店,南投h
人本自然七彩神仙~餐d,南投h
成都生活美食^,南投h
天泉厝^,南投h
立德溪^店,南投h
妖怪村－青山食堂,南投h
溪^翠谷餐d,南投h
花漾千禧海r婚宴^,南投h
春水岸,南投h
陶板屋-和L作料理,南投h
茶二指-茶I故事^,南投h
福得美食V(竹山紫南m旁),南投h
「借站」全家便利商店-名g金交流店,南投h
口福小吃部．鞒腥十年的岢蠢系,南投h
吉祥遣d,南投h
可妮小屋,南投h
米田^光烘焙@^,南投h
老地方客家餐d,南投h
肉燥福,南投h
蝾^肉A,南投h
久味麻^本m,南投h
台承〕,南投h
水里羊肉王餐d,南投h
八牛肉I,南投h
S意食堂,南投h
竹山霸王Z家f,南投h
鹿谷阿三全S餐^,南投h
塔洛,南投h
金捷l煎P@,林h
上等冰,林h
香香S?放Ｙu店,林h
洪董味,林h
北港羊肉百年老店,林h
凹凸咖啡^,林h
Rich Café 饪Х,林h
仙地庭@咖啡,林h
D2耗У案饣⑽驳,林h
神仙酸梅,林h
蜜茶站,林h
ila桶仔Z,林h
斗南盼厄伦悬I,林h
羊肉s小吃,林h
日日dF宰羊肉t,林h
米多力休frf,林h
阿世香菇肉羹,林h
阿展米糕,林h
花@}合式蔬食^,林h
l情日本料理,林h
藤原鬯,林h
奇香妙草蔬食^,林h
壹等霰部,林h
老席牛肉I,林h
阿火肉A,林h
曾屋,林h
林扰殴谴笸,林h
林蓉i_大王,林h
老强Х惹f@,林h
江食堂,林h
一郎土~羹,林h
佳益桑椹,林h
重商行~水林B生u,林h
水艟@日式料理,林h
卡璐佶咖啡^,林h
斗南米糕甲,林h
林溪美食V,林h
82豆花,林h
LdA仔冰,林h
原r口肉羹,林h
肉A斗六店,林h
怪人花枝X~I,林h
好r啄猩,林h
台鑫水a,林h
玫瑰番茄@,林h
海中食品公司,林h
松屋洋L和食^,林h
千巧谷烘焙工坊,林h
新珍美食,林h
大娘羹大王美食坊,林h
好霰店,林h
祥益米粉,林h
土炖系戤w肉I,林h
古早味p糕,林h
蛤仔x特a中心,林h
|市羊肉,林h
怯肉A,林h
豆菜I,林h
米糕,林h
家油[@,林h
鲂那嗖莶,林h
北港土城土~,林h
R假~肚,林h
田中扁食I,林h
田@秘境,林h
橙色r作,林h
著迷?食g,林h
烹小r,林h
U屋米胖工坊,林h
巴登咖啡Ｙu店,林h
六w茶食堂【林二店】,林h
深海深美食,林h
布峒和牛物,林h
九久醇xI坊,林h
加\包子店,林h
奶油巴士烘焙屋,林h
庵古坑咖啡,林h
老x牛肉I,林h
叁刈包,林h
垸Z妨x式餐d,林h
垸Z妨x式手工冰淇淋,林h
阿{~羹,林h
古早味老街碗@,林h
巧蕃古早味粉A,林h
永光（李）肉A,林h
钒子,林h
秣R~,林h
琴B碗@城,林h
西螺S九蛹@,林h
眼R仔芽酥,林h
日lu店,林h
北港A偌灞P@,林h
斗南大c包小c - 忠,林h
斗南炸z^,林h
肉燕,
x土烊獍,林h
高香珍m,林h
二煎包,林h
⒇iis,林h
|葚忍禺al土味花生糖,林h
正宗青草茶,
玉蛋糕,林h
正斗六炊仔,林h
阿ni_,林h
三角大水,林h
北港阿S油I糊,林h
老等油?I糊,林h
青松餐d,林h
斗南Ahw肉I,林h
川食堂,林h
Ah阿明肉I,林h
元L白Q肉羹I,林h
李福羊肉,林h
阿秋Z肉I,林h
褒忠p肉・香菇肉羹,林h
回l雅f食堂,林h
古早味小排,林h
阿M碎肉冬粉,林h
回l食堂,林h
\松客,林h
墨池堂,林h
Han's pizza - 翰斯比_,林h
See Tea 颉２,林h
霍姆斯炜Х瑞^,林h
第一波工坊,林h
四傻餐^,林h
阿海肉I,林h
手厚商,林h
叮叮港式早午餐,林h
OPPA HOUSE W巴好食,林h
青食餐d,林h
IKOU伊口串居酒屋,林h
CHICO餐N,林h
Roxy's bar,林h
桂林映象^,林h
Xin Chào 越南café 咖啡?美食,林h
三仔串酒,林h
品食坊西式}合式料理,林h
木子木子。日式定食,林h
Sunny Q 光公主,林h
艾衫斯小酒^,林h
n偃 ??? ?? Korealover,林h
J.Food 芊蛄侠砣,林h
艾蕾格&翰奇,林h
春Have a nice day,林h
凹凸咖啡D南^,林h
RELAX酒吧,林h
Sunflower黑zuL屋,林h
Immense 恬恬,林h
太日茶屋たいにちゃや,林h
後院 houyuan,林h
u的日常,林h
Mishka Coffee & Antique 米嘻咖咖啡&古董砭,林h
TIGER BEAN,林h
安|妮法c心坊,林h
北港保生堂h方咖啡^,林h
土彀捅c酥u,林h
Mr.KUO-I 憨漫先生手作品,林h
舒院私宅咖啡,林h
t果精品咖啡^,林h
花趾姹悍,林h
巴蕊花生 x式冰淇淋 斗六店,林h
四代目芽酥,林h
aTomic Kitchen同N,林h
多那之-斗六棒球銎炫店,林h
台花序,林h
}咖啡,林h
曼舒清雅 古坑精品咖啡,林h
爵客精啤酒,林h
安文N房,林h
老宅咖啡,林h
走踏咖啡,林h
林蔬果汁,林h
虎珍堂(本m),林h
阿xN房,林h
昶{之家,林h
三指餐部,林h
好日子咖啡 & goodnight cafe bar,林h
法黑孚法式甜c店,林h
豆房Х,林h
d子花_sm,林h
丘山角珈i室,林h
玉津咖啡土斓,林h
素珍,林h
三房咖啡SunFunCoffee,林h
大鸬牟衩子望}N房,林h
台西玉津烘焙坊,林h
善水咖啡,林h
成捌E－社^路站,林h
斗六~台活O海r餐d,林h
u面I食^,林h
一品香火,林h
披_老爹虎尾店,林h
源芝麻^光油ST市,林h
北港w,林h
北港古早味臭豆腐,林h
北港R後t,林h
北港元馐Ｙu店,林h
春夏秋冬健康茶,林h
沐崧意烘焙,林h
清原西螺建d店,林h
虎日 TIGERBEAN,林h
小i漫步手作N房,林h
我的店餐店,林h
小xb手工塾,林h
S野{}合式餐,林h
A山小吃部,林h
慧馨@台倡J猴咖啡,林h
桐花咖啡^,林h
品皇咖啡林旗店,林h
倏Х,林h
KOKA 炜,林h
啡你不可庭@咖啡,林h
仙山食部,苗栗h
喔岬u L味茶L,林h
G色大地咖啡V,林h
山妍慕夏f@咖啡,林h
阿咚椒坎(桃の@咖啡),林h
MOKA CAFE 基因咖啡,林h
嵩岳咖啡f@,林h
睦咖啡,林h
AJ Cafe,林h
仁隆咖啡,林h
56{色公路咖啡,林h
烟夜古坑咖啡f@,林h
B@咖啡f@,林h
阿部昭珈if@,林h
永舜咖啡f@,林h
|泓咖啡f@,林h
迦鹂Х惹f@,林h
古坑沐p咖啡,林h
炭Х绒rf,林h
TGC台晨Х惹f@,林h
石墩庭@咖啡,林h
S野{休f餐d,林h
山海^珈啡f@,林h
北十二月精品咖啡,林h
U香咖啡 Olentia coffee,林h
布里吉咖啡,林h
吾畚峒冶果店,彰化h
l？Х,林h
嵩岳咖啡-烘焙工作室,林h
默默咖啡-虎尾店,林h
默默咖啡-斗六店,林h
咖啡 Repose Coffee,林h
Wei 咖啡,林h
新篇章咖啡 NEXT CHAPTER,林h
金享咖啡,林h
山穗咖啡?甜c,林h
奇堂,林h
季咖啡,林h
你好咖啡,林h
山究Х裙し,林h
MR.KUO-I 憨漫先生 手作咖啡茶,林h
芒果咖啡^,林h
魔g帽自家烘焙咖啡,林h
符咖啡,林h
花痔锟Х惹f@,林h
原域咖啡 Dagis Café,林h
玉津咖啡-林虎尾店,林h
Abingo冰,林h
OHEY CAF?,林h
E咖啡,林h
Ramble cafe漫步{咖啡,彰化h
金茂利l咖啡,林h
第五大道 Fifth Avenue 咖啡餐^,林h
阿炒豆咖啡Ｙu店,林h
Z曼咖啡,林h
田馨咖啡,林h
良辰 慢食・烘焙・咖啡,林h
Story C.U.P 故事咖啡,林h
尚豆咖啡,林h
蝾^堡典咖啡,林h
曾咖Tseng Coffee,林h
斗六太平老街38咖啡店,林h
映星@咖啡自家烘焙 instarland coffee,林h
澄湛咖啡,林h
台西901咖啡d,林h
堀仔咖啡 Ku_A coffee,林h
卡璐佶咖啡^ 科大店,林h
MR.KUO-I 憨漫先生-虎尾店,林h
Tseng‘s Café・曾咖,林h
黑金麻^,林h
迷客夏-林土斓,林h
DankeW地利N房,林h
Happiness咖啡^,林h
M2精品咖啡^,林h
小叮牛排,林h
f源uIm,林h
珍和美食蟹老月肉油肉,林h
烹小茶,林h
榆禾f@咖啡,林h
生C食品行-餐d,林h
s克英茶ｉT店,林h
2派克脆皮u排林虎尾店,林h
食咖啡,林h
C15拿F,林h
l野庭@餐d,嘉xh
古早味餐d,嘉xh
瀑谷餐咖啡,嘉xh
梅@蔷坝^店餐d,嘉xh
菜公店土Gu,嘉xh
名都^光渡假大店（中餐d）,嘉xh
泉元山f,嘉xh
田友茶居田@料理^,嘉xh
茶夭d,嘉xh
青~山f,嘉xh
阿h的家(瑞里民宿瑞俣杉俅),嘉xh
瑞里印像^,嘉xh
幼~林餐d,嘉xh
福R咖啡,嘉xh
粉i肺,嘉xh
四味小吃,嘉xh
鹘y豆花,嘉xh
臭豆腐(正老牌臭豆腐),嘉xh
田-古道N娘,嘉xh
英和碗@店,嘉xh
竹崎老店肉A羊肉(原北斗伯肉A),嘉xh
外省I,嘉xh
德店,嘉xh
天美珍火,嘉xh
塾癫ㄟ厝,嘉xh
潭瀑布餐d,嘉xh
三A生B民宿,嘉xh
石桌羊肉店,嘉xh
湘泉民宿,嘉xh
火金姑^星@休f民宿,嘉xh
休fr,嘉xh
竺@山f,嘉xh
^起湖大店,嘉xh
登山食堂,嘉xh
阿良F支路便,嘉xh
冠山f,嘉xh
珍手工蛋,嘉xh
阿里山e^餐d,嘉xh
山之美餐d,嘉xh
高山青-祝山餐d,嘉xh
九九九餐d,嘉xh
玉山@餐d,嘉xh
阿里山w大店餐d,嘉xh
新星光餐d,嘉xh
海@餐d,嘉xh
「修」的蚵仔小吃店（鞘向戮恚,嘉xh
ju第一家脆皮蚵嗲,嘉xh
上好吃餐d,嘉xh
祥l海a餐d,嘉xh
|石s海r餐d,嘉xh
大立餐部,嘉xh
河I餐d,嘉xh
玄山湖山林咖啡,嘉xh
W都{山野渡假村餐d,嘉xh
阿里山月巢d,嘉xh
G盈牧鲇^景餐d,嘉xh
新象@餐d,嘉xh
阿霞肉粽店,嘉xh
福源肉粽,嘉xh
台撑Ｅｋs,嘉xh
江家六老店火u肉,嘉xh
竹林,嘉xh
u宴^（u宴有限公司）,嘉xh
林家小卷米粉,嘉xh
大食店,嘉xh
台晨Х却罅值,嘉xh
大林排骨大王,嘉xh
小r候大,嘉xh
toraja coffee(中正大Wo湖畔),嘉xh
阿吉I,嘉xh
鹘y碰皮I（鹘y掌I）,嘉xh
扁食⒛弦恻I,嘉xh
民雄肉包,嘉xh
松山土G羊肉,嘉xh
二A堂餐d,嘉xh
高e餐d(港式}N糕),嘉xh
新d@餐d,嘉xh
竹下老牌鳇I,嘉xh
永芳m,嘉xh
溪口古早味i血,嘉xh
R口黑,嘉xh
溪口肉A,嘉xh
溪口冰店,嘉xh
明祥m,嘉xh
溪口古早味p糕,嘉xh
阿珍姐鹘y美食,嘉xh
溪口六十年老店B仔,嘉xh
~羹店,嘉xh
阿斌骷胰飧,嘉xh
治(新港碗@),嘉xh
姐妹蒸,嘉xh
阿正粉l冰,嘉xh
新港手工包子z^,嘉xh
新港客d 新港人招待人客的ㄟ好所在,嘉xh
l味餐d,嘉xh
阿伯粉l大王,嘉xh
板陶G主}餐d,嘉xh
一日本料理餐d,嘉xh
阿墨L尚料理餐d,嘉xh
R采宴餐d,嘉xh
大c包香c 六_l之,嘉xh
d旺店,嘉xh
新珍店,嘉xh
老福仔蒜^,嘉xh
大餐d,嘉xh
X源日式涮涮,嘉xh
北W工坊}合式餐d,嘉xh
上品火,嘉xh
李早餐店,嘉xh
肉An,嘉xh
永S春员果室,嘉xh
福州意IＹu店,嘉xh
家麻花工作坊,嘉xh
虎河惋,嘉xh
朴子站黑白切,嘉xh
首] n式料理,嘉xh
麻^,嘉xh
和肥程,嘉xh
冷研食室,嘉xh
迷鹿r尚休f餐,嘉xh
彬海r餐d,嘉xh
豆花老店 L味依f,嘉xh
停看吃蚵仔包 留住饕客心,嘉xh
豆菜I 好吃不F,嘉xh
布袋O市　新r蚵仔煎叫,嘉xh
阿惠蚵仔煎 L味特,嘉xh
周~土~羹 三代祖 新r不,嘉xh
英e海a餐d,嘉xh
翁氏~,嘉xh
侯家F味,屏|h
t目有F味茶坊,屏|h
北平孔家小^(屏|店),屏|h
手工牛糖,屏|h
橘色混搭料理餐d,屏|h
冷銎~Y盒,屏|h
大力Q牛蒡精A素,屏|h
M霰店,屏|h
N子咖啡─屏|德文咖啡Y盒,屏|h
ZZ肉Ｙu店,屏|h
乳酪先生,屏|h
六堆客家米食徐{家,屏|h
潮州冷冰,屏|h
心之和烘焙屋,屏|h
冷烤u翅,屏|h
海店,屏|h
豆趣B生Y盒,屏|h
大人物fni_大王,屏|h
w凵金Qi_店(里港店),屏|h
薰之@香草休fr,屏|h
阿河骨~Ｙu店,屏|h
鸦ㄎr杏仁薄煎,屏|h
屏|之旅伴手Y,屏|h
海苔鸦ㄎr,屏|h
四季平安Y,屏|h
佳珍餐d,屏|h
益茂海r餐d,屏|h
仁字鸦ㄎr,屏|h
|N餐d,屏|h
阿仁海a店,屏|h
可利屋食坊,屏|h
旗稻有C米,屏|h
菜寮豆花食品Ｙu店,屏|h
老阿叩牟d,屏|h
蜻蜓雅B─唯一餐d,屏|h
神山塾,屏|h
阿I店,屏|h
和美商行,屏|h
香c,屏|h
_欣餐d,屏|h
阮家茶坊天空餐d,屏|h
日月牛肉I,屏|h
阿x活海r(林店),屏|h
永d海r店,屏|h
x香食品加工S-芝麻u包,屏|h
酒工作室-春日小米,屏|h
大武英豪商^,屏|h
真好味海r餐d,屏|h
正S家G豆蒜,屏|h
新d山餐d,屏|h
潘氏r,屏|h
大山羊肉t餐d,屏|h
玉珍香店,屏|h
柯古早味G豆,屏|h
元馍胶．a餐d,屏|h
小杜包子,屏|h
x哥生~片,屏|h
阿利海r,屏|h
海活海r餐d,屏|h
曼波泰式餐d,屏|h
弄海泰式庭@餐d,屏|h
迪迪小吃,屏|h
老婆的私房菜,屏|h
芭|音凡d,屏|h
凡伊斯山野菜^,屏|h
喜访朗仇^,屏|h
熊家fni_大王,屏|h
林家i_,屏|h
自然L生B主}餐d,屏|h
大⑷毡玖侠,屏|h
新@牛肉t,屏|h
又一村,屏|h
黎冰糖u,屏|h
任家鳇I(始店),屏|h
正筠小\包,屏|h
新享天L味家常菜,屏|h
家蜂蜜,屏|h
阿s坊海r,屏|h
珍平r海r城,屏|h
阿好味海r屋,屏|h
|隆堂苓膏,屏|h
好彩^海r餐d,屏|h
c祥食品有限公司,屏|h
丸~企I社(丸~旗~),台|h
和地瓜酥(中正店),台|h
P山永全花生酥,台|h
麻^,台|h
蕃薯伯钣家鞯毓纤Ｙu店,台|h
大巴六九用植物@,台|h
山i@牧觯果子狸咖啡／竹香咖啡,台|h
_|h池上lr,台|h
初鹿有C咖啡@,台|h
家麻^商行,台|h
Masaru工作室,台|h
P原住民工作坊,台|h
九B陶工作坊,台|h
芭伊工坊,台|h
好的[,台|h
卡塔文化工作室 (台|糖S／@eR 原味工聚落),台|h
一粒工作室,台|h
法琉工作室,台|h
部落美男子vangsaran,台|h
F花村音肪勐渎市集,台|h
台|2626r村市集,台|h
皮P工坊,台|h
阿美迦宗和食品,台|h
山海P名a店,台|h
金峰l新d部落fr特a,台|h
新峰茶@,台|h
比的草屋琉璃珠工坊,台|h
W林文化工作室,台|h
原酃し,台|h
法拉撒工坊,台|h
压确坊,台|h
三和油I,台|h
|海に品Ｙu店,台|h
建l小客租U有限公司,台|h
香味牛肉I店,台|h
大R力森林探U基地,台|h
|}I(和成C行)-C出租-台|池上旅[,台|h
直航租台|店,台|h
向薪髂竟し,台|h
撒巴里(SAPARI)文化工室,台|h
卡_斯文化g工作室,台|h
_尼芙工坊,台|h
阿水工房,台|h
_|hr |[季r特a品展售中心,台|h
池上lr-展售中心,台|h
P山r-米W校,台|h
鹿野地^r,台|h
清亮生Br,台|h
肯杜高山咖啡,台|h
鼎肉Ｙu店,台|h
佳芳有C茶@,台|h
|懿@,台|h
大峰茶@,台|h
林旺u茶S,台|h
B茶f/客,台|h
5兄妹o毒rf,台|h
鹿嘤休f茶f,台|h
新元昌t茶aI文化^,台|h
蜂之宴,台|h
H山r@,台|h
南u秧M田,台|h
英惠原工作坊,台|h
自然食尚-B生舒芙蕾蒸蛋糕 - 松子t藜芝麻酥糖,台|h
P山小市集,台|h
山野屋日式年蛋糕,台|h
B城地瓜酥,台|h
巧味金,台|h
大c柴~食品,台|h
火^迦,台|h
青砂槭侄Y琪酥-正庖坏,台|h
惶|,台|h
|宇信,台|h
毡咎灭B身spa^,台|h
翠蝶@,台|h
The Garage 台|糖S。炜臻g,台|h
京r市集,台|h
金~y,台|h
o]B&B,花h
甙软景^民宿,花h
L}吉林茶@,花h
海光茶行,花h
吉蒸牧,花h
ㄚ布N房,花h
虎厝,花h
吉祥庭@厝,花h
R家D肉客家美食^,花h
_富便,花h
|裕食店,花h
莎莉典美食餐d,花h
常春藤素食餐d,花h
~潭小吃店,花h
府前食坊,花h
花皇辣u?x教辣椒u,花h
美t茶,花h
Biolove百艾重乳酪蛋糕,花h
提拉米K精@蛋糕,花h
曾麻^股份有限公司,花h
花那陈玫,花h
I包叔叔烘焙屋三民店,花h
蒂妨x式奶酪小,花h
喜品家乳酪蛋糕,花h
漫V肥驴Х瑞^,花h
花h-菩提m,花h
Qt茶m,花h
~S日式小吃,花h
惠比m-百年花薯始店,花h
洋基牧,花h
~s客牛排^,花h
大方花@小木屋民宿,花h
保C任花hP甲良|稻米\N合作社,花h
曾和(真好)小米麻^,花h
吉野食堂,花h
家小^,花h
派出所前I,花h
後山一口甘蔗Ｙu店,花h
P垧B生r@,花h
w@田居,花h
怡@渡假村,花h
李V|粥,花h
公正包子,花h
钤粥,花h
液香扁食,花h
一品香扁食,花h
花香扁食,花h
R后碗@,花h
田村鬯,花h
桑鬯疚,花h
湘鬯疚,花h
城茶m,花h
伊江滇料理,花h
暹_泰食,花h
九九美式餐咖啡d,花h
Frankie's Dog,花h
Country Mother's,花h
牛奶c蜜x大利I,花h
夏日r光Summer Time,花h
托斯卡x式N房,花h
Good Dayx大利I坊,花h
父餐d,花h
竹海r餐d,花h
炒天下,花h
多桑,花h
石庭客家小^,花h
H家g南北P餐^,花h
老邵餐^,花h
根香食店,花h
阿姑的店,花h
百兆@,花h
起司蛋糕意的人,花h
中一豆花,花h
蔡豆花,花h
甜在心糖水m,花h
一心泡泡冰,花h
五霸焦糖包心粉A,花h
芋@屋,花h
R口t茶,花h
向山茶,花h
绚翁镆梆B生^,花h
_基力部落屋,花h
佳d冰店,花h
七海澈＞安d,花h
湮蒿L味餐d,花h
S春冰店,花h
芳草古,花h
月],花h
林田山i_,花h
吉r冰城,花h
陶Y百合春天,花h
055海rＹu店,花h
明新冰室,花h
光吞S,花h
周家蒸,花h
一碗小I食^,花h
芝麻_T日式洋食堂,花h
自夜市,花h
波大店花^,花h
微L星情民宿,花h
椿山日本料理,花h
通旅[,花h
太w{林咖啡rf民宿,花h
星肉骨茶餐d,花h
花Joe香c,花h
淳香美食(花Joe香c),花h
宜味食^,花h
花七星潭?旭日^,花h
青~小^,花h
秘密海咖啡,花h
kkk,花h
禾@舍民宿,花h
DD席克斯,花h
光城咖啡^,花h
大溪地咖啡、x式料理,花h
花港1-1}烀佬g^/S{斯廊,花h
山食小^,花h
郭s市手工`火腿,花h
春秋大店,花h
春田鬯疚,花h
他口墨西哥餐dDos Tacos Mexican Restaurant,花h
海L美食^,花h
佟芫食坊,花h
力哲@花^,花h
旅人的家,花h
老|家皮革民宿,花h
吉野精-LoftL格民宿,花h
湘宜快餐,花h
福容大店 花,花h
向日V,花h
流奶c蜜-碜悦加州Bi餐,花h
金御堂茶m,花h
包Wu蛋糕,花h
元珍茶(r果汁.咖啡.茶)花中山店,花h
九虹新月景^山f民宿,花h
深泉料吧 -D Park,花h
{海^景餐d,花h
同方向c心m(c修院γ嫦镒友e),花h
三立N房,花h
良友精@店,花h
P精@生活^花民宿,花h
玩味蕃@,花h
R卡民宿,花h
惦惦咖啡 LAB tiamtiam,花h
花民宿W洲之星,花h
美可小吃,花h
查理食私房料理,花h
台南虱目~F肉切仔I,花h
咖多喜咖哩,花h
琪朵民宿,花h
香港林,花h
幸福旅人民宿,花h
林～明Y路葱油,花h
半-花中正店,花h
自餐d,澎湖h
澎祖海a加工S(赤本店),澎湖h
(故事a^)56a^海洋品^,澎湖h
山裕文石行,澎湖h
清心食店,澎湖h
澎湖老公老婆的店(吉店),澎湖h
天使之眼澎湖文石店,澎湖h
元裕海a行,澎湖h
源利黑糖糕老店,澎湖h
澎祖海a加工S(R公分店),澎湖h
佳香海aR,澎湖h
盛duS,澎湖h
d盛海au店,澎湖h
弗洛伊得PUB,澎湖h
星餐d,澎湖h
永_素食^,澎湖h
永d素食^,澎湖h
好朋友素食屋,澎湖h
道蜂啼体,澎湖h
花菜干人文雅f餐^,澎湖h
傻矍f,澎湖h
新d德海a行,澎湖h
瑞芳海a,澎湖h
瑞S海a,澎湖h
跨海大虿C品店,澎湖h
旭西食品S,澎湖h
h|名aR,澎湖h
m食品工S,澎湖h
新_澎海a物中心,澎湖h
大源名a,澎湖h
澎湖第一酒S(股)公司,澎湖h
玉冠嫩仙草,澎湖h
小林包子z^店,澎湖h
海海a加工S｜丁香~_人,澎湖h
希望天地珊瑚珍珠^,澎湖h
澎湖故事妻美g^,澎湖h
澎d海aＹu店,澎湖h
大}特a行,澎湖h
夏威夷丁香~文化^,澎湖h
振l食品行,澎湖h
小地方s,澎湖h
信d海aR,澎湖h
摩斯h堡-澎湖店,澎湖h
~咬吐司-澎湖店,澎湖h
文馨文石工坊,澎湖h
不倒翁で煽肆,澎湖h
掌上明珠,澎湖h
胡的灶_,澎湖h
春仁黑糖糕,澎湖h
北海道海aＹu店,澎湖h
石y文石列^,澎湖h
御品家食品行,澎湖h
水月堂食品行,澎湖h
陶兵文休f^,澎湖h
黑妞原味小,澎湖h
七美小ｔ~,澎湖h
阿福的店海洋品DIYＹu店,澎湖h
小正硭降,澎湖h
岈F-中央形象店,澎湖h
粝氩柯漯^,澎湖h
菊u石S,澎湖h
福牡屋,澎湖h
m黑糖糕,澎湖h
尚浩花枝丸,澎湖h
阿|海r餐d,澎湖h
隆福海r餐d,澎湖h
多那之咖啡蛋糕烘焙-澎湖R公,澎湖h
comebuyF{品店(中正店),澎湖h
菊u新天地-澎坊免商店,澎湖h
鑫|海a行,澎湖h
瑞l食品行－澎湖小妞,澎湖h
心情故事(小TZ),澎湖h
呷小吃部,澎湖h
石品坊,澎湖h
菊uW事,澎湖h
日本大百,澎湖h
和dIS,澎湖h
沿著菊u旅行,澎湖h
吹吹L精品咖啡^,澎湖h
山美堂珊瑚文石,澎湖h
d德海a物中心,澎湖h
宏裕行,澎湖h
男哥的店,澎湖h
で樵工坊,澎湖h
海裕t珊瑚Ｙu店,澎湖h
菊光手信,澎湖h
海大王O村料理,澎湖h
福朋喜淼蔷频,澎湖h
星月程餐d,澎湖h
砀：ｕr餐d,澎湖h
澎湖小南便,澎湖h
光妥灾餐^,澎湖h
自在茶(R公北辰T市),澎湖h
r茶道冷店北辰分店,澎湖h
朵思咖啡^,澎湖h
啾咖啡^,澎湖h
甘蔗泡(享一夏企I),澎湖h
西Z台菜海r餐d,澎湖h
MR.林,澎湖h
一棒F板,澎湖h
土y小吃,澎湖h
回味天津小\包,澎湖h
小tt小吃部,澎湖h
戎I食^,澎湖h
眷村I食^,澎湖h
WOW YAKI 肉,澎湖h
道泛惋L物料理,澎湖h
台北江麻辣臭豆腐Ｙu店安n分店,澎湖h
夜市火店,澎湖h
珍小吃,澎湖h
口福食品行,基隆市
大世家,基隆市
北都冷鍪称,基隆市
基隆市永康社^l展f(阿母ㄟ灶_),基隆市
朋N烘焙坊(基隆一店),基隆市
朋N烘焙坊(基隆二店),基隆市
泉利米香,基隆市
珍味香店(店),基隆市
珍味香店(仁一店),基隆市
海食品坊,基隆市
厣堡食品(忠一店),基隆市
厣堡食品(信一店),基隆市
厣堡食品(安返),基隆市
厣堡食品(七堵店),基隆市
蔡技食品有限公司,基隆市
1915海洋咖啡^,基隆市
七二七鑫~台餐d,基隆市
全家餐d,基隆市
安一食店,基隆市
安格列牛排＆h烤(基隆店),基隆市
洋活海a,基隆市
佛居素食火D火,基隆市
私人uZ餐d,基隆市
和平u35海r餐d,基隆市
和w屋鬯玖侠淼(x二店),基隆市
尚品F板(安返),基隆市
尚品F板(暖暖店),基隆市
明洞n式料理,基隆市
rD鬯(基隆店),基隆市
金牌三姊妹餐d,基隆市
阿本小吃店,基隆市
威尼斯音凡宛^,基隆市
星帝X餐d,基隆市
昱帝X餐d,基隆市
食神岢,基隆市
心@意精@料理,基隆市
海宴赤火烤沙,基隆市
基隆港海a,基隆市
御品r餐d,基隆市
通通泰式L味小吃,基隆市
湖南小^,基隆市
A星牛排^,基隆市
象屋牛排^,基隆市
象屋美坊,基隆市
超狸小路日式炭火肉^,基隆市
Ax式咖啡^,基隆市
暖暖小^有限公司,基隆市
詹家素食(口福I羹),基隆市
O品餐d,基隆市
利W披_,基隆市
福涮涮,基隆市
蒙古火王,基隆市
辣之麻辣x火,基隆市
潮境L厝x大利餐d,基隆市
箱根咖啡定食^,基隆市
麒庭@^,基隆市
n碧,基隆市
~日本料理店,基隆市
胸咖啡^,基隆市
陵水岸餐d,基隆市
小峨嵋川菜^,基隆市
心味X素食,基隆市
富诽ㄊ戒啼体,基隆市
海瑞食品有限公司,新竹市
傻瓜肉粽,新竹市
南d食品股份有限公司,新竹市
新竹黑包,新竹市
新竹牧鍪称,新竹市
奂沂称飞绦(惟客多精@烘培屋),新竹市
新美乃斯食品行,新竹市
福丸,新竹市
羌仪f,新竹市
南Tw,新竹市
城隍R柳家肉燥,新竹市
O香甜不辣,新竹市
三S姜店,新竹市
李家店南京y水,新竹市
家餍〕(新r街水美食^),新竹市
世和小^(原三和食堂),新竹市
英美食坊,新竹市
骷疑活小^,新竹市
新天地美食^,新竹市
阿霞小吃,新竹市
和家^,新竹市
美Z王,新竹市
客家大A,新竹市
松旺客家大A,新竹市
中AI店,新竹市
菜@上海餐d,新竹市
站肉羹I,新竹市
馨之味,新竹市
s客家A-武昌店,新竹市
福伏I店,新竹市
z相好私房料理,新竹市
三|客家A,新竹市
北大A店,新竹市
⒇蕊食店,新竹市
柯子湖客家料理,新竹市
高家冬瓜茶,新竹市
阿忠冰店,新竹市
大千米苔目冰店,新竹市
阿惠冰店-光A店,新竹市
阿惠冰店-西T店,新竹市
薏W屋B生品,新竹市
苗疃瓜仙草z,新竹市
本味木瓜牛奶,新竹市
郭,新竹市
ㄍㄡㄍㄡ羹,新竹市
阿城,新竹市
王蚵仔煎,新竹市
乾家肉粽@粽大王(原成家肉粽),新竹市
家~丸燕丸,新竹市
新驼渖绦,新竹市
Y明水蒸蛋糕,新竹市
~家大粒粉A,新竹市
南寮O港直N中心,新竹市
英明林家肉A,新竹市
p星甜不辣,新竹市
原夜市肉I-中正店,新竹市
原夜市肉I-中央店,新竹市
RT烘培屋,新竹市
曾家公@乾I,新竹市
肉S店,新竹市
肉S北T分店,新竹市
竹山意I,新竹市
立x鹘y豆花,新竹市
小洞天,新竹市
新竹港南\河I海L景^餐d,新竹市
福源花生u,新竹市
山|z^店,新竹市
新芳肉粽,新竹市
耳朵小^,新竹市
李筒仔米糕,新竹市
木易傅酿z^,新竹市
和味清粥,新竹市
老Si_大王,新竹市
`邑手工觚I,新竹市
阿富肉,新竹市
早c四果,新竹市
烤肉王,新竹市
蜂蜜大王,新竹市
168新加坡美食,新竹市
新竹光宛z^店,新竹市
石家~丸,新竹市
阿培I糊,新竹市
北T炸@,新竹市
w肉A,新竹市
阿火伯炭烤t豆,新竹市
周家肉A,新竹市
S谷月油,新竹市
美芳糕m,新竹市
香814冰棒,新竹市
林家冰店,新竹市
正宗仙草,新竹市
上芳木瓜牛奶,新竹市
魏素食店,新竹市
中央羊肉,新竹市
臭豆腐,新竹市
素食水煎包W,新竹市
阿明F肉-西大店,新竹市
金BF肉-北T店,新竹市
原味跗肺,新竹市
老金陵手作包子m,新竹市
W迪烘焙,新竹市
何家@庭@餐d,新竹市
成家肉粽大王,新竹市
影咖啡,新竹市
t帽烘焙,新竹市
邱麻^,新竹市
彭成珍m,新竹市
A品丸,新竹市
糖奶奶,新竹市
新福源花生u二代店,新竹市
~深海~[z原蛋白,新竹市
中大水N^,新竹市
R口香,新竹市
大海拉I,新竹市
昶瑞丸,新竹市
禾日香肉,新竹市
河堤上的,新竹市
源初肉屋,新竹市
t豆村新竹店,新竹市
水哥B生早餐,新竹市
台丸有限公司,新竹市
牛篷牛排店,新竹市
~r社,新竹市
薪石G,新竹市
新O人a^海r餐d,新竹市
芙洛烘焙坊,新竹市
M益丸文化^,新竹市
豆倜远品Ｙu店,新竹市
西市汕^^,新竹市
竹q林美食,新竹市
石~丸,新竹市
三{I食^,新竹市
大和@肉^,新竹市
光A冰店,新竹市
珍香港式食,新竹市
|皇家港式茶,嘉x市
n大l鹘yn式料理,嘉x市
g放Ｅ,嘉x市
澄川SQ洞n式料理,嘉x市
京宴港式意料理,嘉x市
南洋小^,嘉x市
松B作和食料理,嘉x市
馨@日本料理,嘉x市
L尚人文咖啡^,嘉x市
玫瑰@餐d,嘉x市
真北平餐d,嘉x市
一~日本料理,嘉x市
小潘作鬯,嘉x市
伍梨x大利I,嘉x市
二A堂日式炭火肉,嘉x市
船老大海r餐d,嘉x市
诽站,嘉x市
喜多日式和L涮涮,嘉x市
鼎藏n,嘉x市
福麻辣x火,嘉x市
M福呛Ｑ绮d,嘉x市
阿典套餐料理,嘉x市
新食煮,嘉x市
|文餐d,嘉x市
新明津美食餐,嘉x市
桃花源餐d,嘉x市
名N餐坊,嘉x市
PAPPA?心粥I,嘉x市
阿信鬯镜,嘉x市
松阪屋日式涮涮,嘉x市
川丸子麻辣C,嘉x市
W琳_l村料理坊,嘉x市
意I`茶Z,嘉x市
蚵庄海a店,嘉x市
乾x大利I,嘉x市
光捅井a牛肉火店,嘉x市
川流亭食店,嘉x市
凡人居,嘉x市
元生a,嘉x市
和平素食餐^,嘉x市
左岸L尚x式料理,嘉x市
}泰F泰式料理,嘉x市
正港羊肉t店,嘉x市
|方~全牛料理店,嘉x市
月桃故事^(AdI股份有限公司二S),嘉x市
德霖H事I有限公司,嘉x市
O果f@有限公司,嘉x市
嘉冠喜食品有限公司,嘉x市
蔡家手作Q包子(洋食品行),嘉x市
新台筹m有限公司,嘉x市
勤|蛋品科技股份有限公司,嘉x市
橘客新r果格Ｙu店,嘉x市
上u咖啡,嘉x市
CASA,嘉x市
木更咖啡 Mugeneration,嘉x市
藏咖啡,嘉x市
Fei Fei 小餐^,嘉x市
黑健康烘焙,嘉x市
活泉人文茶^,嘉x市
芬芳@企I社,嘉x市
M冠茶@,嘉x市
卓武咖啡,嘉x市
新台筹m,嘉x市
Infusion 蛋糕t茶Ｙu店,嘉x市
一茶工房,嘉x市
嘉冠喜煎,嘉x市
勰敬逍蓍f^光工S,嘉x市
鸦ㄈ~咖啡餐,嘉x市
R5小餐^,嘉x市
GoodLuck coffee,嘉x市
日青y派,嘉x市
Dings Tea 丁式茶^,嘉x市
M棠茶品,嘉x市
名香茗茶,嘉x市
三角&咖啡,嘉x市
巴黎6街,嘉x市
幸福原在咖啡,嘉x市
融合度咖啡^,嘉x市
Evie's Café 伊米咖啡（f址－已搬家）,嘉x市
CouCou Cafe P?tisserie 咕咕甜c咖啡,嘉x市
48 home,嘉x市
come home咖啡漫步,嘉x市
芙甜法式c心坊,嘉x市
巴美食堂,嘉x市
雅f小^,嘉x市
二通672,嘉x市
@e人料理工作室,嘉x市
被z忘的府路巷-冰uI,嘉x市
比杜文O企I社,嘉x市
Blaxk 布蕾可z婚,嘉x市
PANdora263.ART 潘朵拉工作室,嘉x市
嘉木居,嘉x市
台郴ùu古厝,嘉x市
Le Chat Noir 小黑,嘉x市
fr光新r事,嘉x市
25×40文空g,嘉x市
Dadala cafe & stationery,嘉x市
Morikoohii 森咖啡,嘉x市
Eleventh Cafe 射日塔景^咖啡^,嘉x市
33+V.,嘉x市
一g茶屋,嘉x市
大蛋糕坊 BIG MOM CUPCAKE,嘉x市
老院子1951想喝,嘉x市
玖 CAF?,嘉x市
享物手作烘焙。咖啡,嘉x市
常常手作,嘉x市
提娜多咖啡,嘉x市
Black Rust 黑n手作p食,嘉x市
}塔咖啡,嘉x市
c。甜c,嘉x市
傲漫手感烘焙工作坊,嘉x市
鄯蚍蚩Хifufucoffee,嘉x市
猫咪文^,嘉x市
Ruby夫人吃●做●I,嘉x市
Oi  Griddle Cakes 美式,嘉x市
小老甜品店,嘉x市
五木咖啡店,嘉x市
The Origin 初咖啡,嘉x市
小t帽x式冰淇淋（友和店－Y束II）,嘉x市
南馨食品店,嘉x市
^起福－嘉xu意森活村T市,嘉x市
北T森F故事^,嘉x市
S家班糕m有限公司,嘉x市
S金客手工蛋,嘉x市
犬行,嘉x市
林明沙~^,嘉x市
三哥肉肉乾食品,嘉x市
可味肉乾,嘉x市
天B茶@ - 茶己,嘉x市
原砹x大利I,嘉x市
泉S,嘉x市
Cemas Kakanen rv食品,嘉x市
匠咖啡,嘉x市
上t丸梅uY品Ｙu,嘉x市
三b小兔x式冰淇淋,嘉x市
日日好r,嘉x市
福源肉粽,嘉x市
椿S高山茶坊,嘉x市
|lB蜂,嘉x市
小夫妻拌I,嘉xh
xd朝日,嘉x市
大丸禧水a有限公司,嘉x市
品滋畔,嘉x市
翔草健康^,嘉x市
光皇后 - 知名插家SMART合共同打造W美餐d,嘉x市
蓁古早味F烤蛋糕店,嘉x市
小夫妻商行,嘉x市
小伍妹麻辣鳇I,嘉x市
日日好r有限公司,嘉x市
|l食品行,嘉x市
名香茶行,嘉x市
初心者肉m,嘉x市
林明沙~^（巧也小吃股份有限公司）,嘉x市
阿久（y百食品股份有限公司）,嘉x市
阿s啤酒（新北平阿s食文化有限公司）,嘉x市
秋可蕾手工生巧克力（秋企I社）,嘉x市
家食佳食（澄W商行）,嘉x市
如科技有限公司,嘉x市
斐@茶f,嘉x市
新明津美食餐d（新明r速餐店）,嘉x市
xd嘉（xduI有限公司）,嘉x市
}保_烘焙花@,嘉x市
嘉竹商行－玉米uＹu店,嘉x市
方K吐司,嘉x市
\u油,嘉x市
薯人,嘉x市
五柳@休fr,嘉x市
月桃故事^,嘉x市
勰敬宓胤轿幕^,嘉x市
虹菜刀五金行,嘉x市
信成香I有限公司,嘉x市
三哥肉乾,嘉x市
大王千金（LA食品有限公司）,嘉x市
正方芳Cafe,嘉x市
P姐手作坊,嘉x市
唐yh方生物科技股份有限公司,嘉x市
福樟良材木工坊,嘉x市
台臭肉,嘉x市
|市鲈家羹I,嘉x市
|@餐d,嘉x市
林明沙~^,嘉x市
金牌川菜小^,嘉x市
晨光咖啡Sunshine Cafe,嘉x市
oo茶 (食_美O股份有限公司),嘉x市
福源肉粽店,嘉x市
⒗镩Lu肉店,嘉x市
h堡,嘉x市
帕海小食部,嘉x市
情Ｙu所,嘉x市
新明津~丸店,嘉x市
初八I食堂,嘉x市
盛食咖哩店,嘉x市
大掌煎m,嘉x市
老傅手v彩虹粉@冰,嘉x市
拍拍泡芙,嘉x市
新悦花@酒店－U,嘉x市
嘉x3分甜t豆,嘉x市
湘埕野生塾Ｙu店,嘉x市
薏坊精@B生甜品Ｙu店,嘉x市
品安豆花店,嘉x市
S霈高山r泡茶,嘉x市
情Ｙu所,嘉x市
品安豆花店,嘉x市
S霈高山r泡茶,嘉x市
暖肚皮,嘉x市
WT kitchen,嘉x市
HOT Hi-end Of Tiki,嘉x市
元封郑υ绯啃〗,嘉x市
G洲 Oasis Brunch,嘉x市
G洲 Oasis Brunch,嘉x市
小P子,嘉x市
手在披_,嘉x市
皮索尼法式小^,嘉x市
大小,嘉x市
Bar Door to Dream,嘉x市
茂生鬯,嘉x市
好好+漫熟咖哩,嘉x市
斗酒-doujiou bar,嘉x市
短餐d tekhoo 餐酒生活,嘉x市
王的菜 King's Flavor 印度餐d,嘉x市
花\[,嘉x市
城Z行,嘉x市
蔬盈市龌疱(民生北路),嘉x市
弄硇〔妥,嘉x市
BAR SKITZ,嘉x市
A家I包,嘉x市
秣R~,嘉x市
^起福,嘉x市
脆皮 dou dou 甜甜圈,嘉x市
一y仙草 / 油^u蛋糕 /品花豆花,嘉x市
湎呐俦,嘉x市
王蝴蝶咖啡,嘉x市
秘氏咖啡,嘉x市
小口品s,嘉x市
奇究Х,嘉x市
BES coffee,嘉x市
珈i解方,嘉x市
弓箭手,嘉x市
往前咖啡,嘉x市
仨丘珈i,嘉x市
玖零甜食所,嘉x市
hr好室X森山里 MORI YAMA,嘉x市
秋室,嘉x市
f美好。生活器物。古道具,嘉x市
玖零甜食所,嘉x市
秋室,嘉x市
秋室,嘉x市
Moor Room 荒屋,嘉x市
然後工作室,嘉x市
莫索分享空g,嘉x市
布蕾可z婚,嘉x市
u呼缘,嘉x市
洪雅房,嘉x市
旺角迷你石^火,新北市
金山肉包王,新北市
泰味N房,新北市
黑傅孕乃,新北市
郭金山花生店,新北市
三姐妹阿o,新北市
淡水可口~丸店,新北市
阿妃健康N房(生食),新北市
蜜而可g蛋糕,新北市
菁桐老街tV工食堂,新北市
特香S西餐d,新北市
Roliya(_莉),新北市
紫藤花村,新北市
海堤竹S餐d,新北市
福昂西咖啡B生料理餐,新北市
康喜牛角I包公司,新北市
呷冰站,新北市
帕堤I包蛋糕,新北市
厚道食店,新北市
|道食亭,新北市
豆花工房,新北市
米小,新北市
郭全福店,新北市
美^@海r餐d(美^@店),新北市
福州上嗪,新北市
阿水{i_大王,新北市
二}炜Х,新北市
么妹ra品,新北市
R?l?割烹,新北市
lF板,新北市
客M烤,新北市
八里亭I^,新北市
S金海岸活r之家,新北市
永力旺德i_,新北市
建香四姐妹(建香海r料理店),新北市
那年夏天咖啡^,新北市
醍醐大(淡江店),新北市
佘家孔雀蛤大王,新北市
老爹F味,新北市
山中髌,新北市
f吉豆腐老店,新北市
高家冰厝蛋始店,新北市
小竹屋日式小吃,新北市
布蕾派,新北市
靴子x大利I餐坊,新北市
星星牛排^(御品餐d),新北市
阿城Z肉,新北市
麻吉奶奶r奶麻^,新北市
醍醐味便,新北市
一回生二回熟,新北市
海豚Cafe,新北市
{色矍俸,新北市
咪里啦手工乾,新北市
濠食坊,新北市
八八八海r,新北市
意芳海r餐d(意芳店),新北市
女皇餐d(女皇海r餐d),新北市
舜德rf休f餐d,新北市
唯力香食品有限公司,新北市
鹿港甘仔店雅f餐d,新北市
鹿Q@蔬食B生^,新北市
大FA餐d,新北市
安平古早味什\I,新北市
雅米早午餐,新北市
美Bf@餐,新北市
xIx大利I,新北市
光z^,新北市
咖啡走廊,新北市
山g}房,新北市
惠香嘉x火u肉,新北市
名根烤肉食材宅配外送,新北市
小诽祜子^,新北市
Gino Pizza店,新北市
香榭咖啡屋,新北市
老店淡水~丸,新北市
E61咖啡鏊,新北市
悲情城市,新北市
好茶(原益茶^),新北市
深坑芬肉粽,新北市
嘉xw小吃店,新北市
彰L肉A,新北市
富F陶@,新北市
不一D店,新北市
羧松茶^,新北市
芋仔蕃薯(芋仔蕃薯茶坊),新北市
九份老I店,新北市
阿娟小吃,新北市
阿的酸梅,新北市
88水a^活海r餐d,新北市
硇〕缘,新北市
原住民泰雅婆婆美食店,新北市
姊妹p胞胎,新北市
普@北平^,新北市
合g茶宴L味餐d,新北市
阿婆鬯,新北市
洋W子咖啡屋,新北市
泰雅媳D麻^,新北市
三角ソ鹋＝,新北市
V香A,新北市
米ya}合式餐,新北市
K明d糕,新北市
巷子美食^,新北市
我家N房,新北市
正鹘y小吃店,新北市
地中海(南昌)休f美食^,新北市
家蜂蜜石花,新北市
金山曼特咖啡,新北市
金山跳石]有名字的咖啡店,新北市
巨山f,新北市
中角晨Х炔惋,新北市
俟饴榛,新北市
九份鹘y~丸,新北市
金山福A海r餐d,新北市
兄弟食堂,新北市
豆A王,新北市
１９８羊肉t,新北市
港式曹腊小^,新北市
可奂,新北市
游米粉,新北市
T上海小^,新北市
`小,新北市
VILLA SUGAR,新北市
看山小望海大,新北市
巴莎Z瓦,新北市
三芝小i烘焙屋,新北市
界A站FRANK'S TEXAS BBQ,新北市
番婆林^光花@,新北市
家一牛肉I,新北市
天芳茶行,新北市
陶_食堂,新北市
桂竹@餐d,新北市
土城林Z肉海r餐d,新北市
自刀削I,新北市
咖哩匠,新北市
桔磨坊x式I屋,新北市
嘧续肉冬粉,新北市
李@清真小吃,新北市
^音山土u@,新北市
_北@外@,新北市
走味的咖啡,新北市
白石庭@休f餐d,新北市
皇m茶坊,新北市
丹野商行,新北市
天府家常菜,新北市
木F味,新北市
麒麟w沙茶火,新北市
上介青快炒,新北市
_北永和北海帝王蟹,新北市
哥弟筒仔米糕,新北市
留香@江浙菜,新北市
三分俗,新北市
客家小^,新北市
安娜咖啡,新北市
三芝小ip食^,新北市
文仙茗茶/黑豆生活^,新北市
九寮坡rf,新北市
海族真味@,新北市
三S芋冰城,新北市
林T大粒肉A,新北市
阿婆F蛋,新北市
鬯疚,新北市
吉野烤肉快餐,新北市
大t袍,新北市
大山or,新北市
可口i_大王,新北市
光明街油,新北市
蕃茄主x,新北市
光^佬,新北市
呷霸牛肉I,新北市
大使^,新北市
新f牛肉大王,新北市
瑞三福利餐d,新北市
九舨枵Z,新北市
知味l玉米,新北市
仙草,新北市
三~活海r,新北市
Kxd餐d,新北市
大餐^,新北市
阿婆~羹,新北市
金枝t糟肉A,新北市
水心月茶坊(原名天空之城),新北市
九份海怯^景茶坊,新北市
老友芋A,新北市
淡水文化阿o,新北市
百~刂荽箴Q,新北市
淡水尾豆花店,新北市
山|家水,新北市
SA小^,新北市
薰衣草餐d,新北市
{子林w,新北市
三重蛐○^,新北市
金山渡假L景^咖啡d,新北市
小天使I^,新北市
玉小^,新北市
品鼎殿日式巯,新北市
淡水老街尾m,新北市
t侵胁d(_^),新北市
榕堤水巢d,新北市
淡水I事^咖啡店,新北市
新侔lm,新北市
老福聿d(福聿d),新北市
淡水t强Х瑞^Red3Cafe,新北市
淡水老街咖啡,新北市
AMANDA CAFE,新北市
r果日I Fruit Days,新北市
珍食品有限公司,新北市
阮的肉干,新北市
霸味K母,新北市
米苔目,新北市
青青餐d,新北市
王父m,新北市
x品苑,新北市
田@x大利I,新北市
V泰香西cI包店,新北市
林港式臭豆腐,新北市
老中央店,新北市
老罴灏,新北市
一品豆花,新北市
豆花朴,新北市
可果子工房,新北市
明宏蚵仁,新北市
清真南小吃,新北市
祥港式茶,新北市
南婆婆,新北市
阿川麻辣臭豆腐,新北市
家上海r肉包,新北市
香港成粥I＜,新北市
宴美食,新北市
石Tr肉粽,新北市
淼酶４ú丝图也瞬d,新北市
板鬯,新北市
钣阿o,新北市
深坑竹香肉粽,新北市
山|子^,新北市
布佬N房,新北市
可肺,新北市
鼻^阿珠老店活海r,新北市
t麴高梁香c-巨佳食品行(2008年十大伴手Y),新北市
朱家卜肉店,新北市
~丸伯仔,新北市
林香菇赤肉羹,新北市
罴译u,新北市
金山肉,新北市
福昌餐d,新北市
福食店,新北市
手信坊意和子Ｙu店,新北市
金wS金帝王酥(2008年十大伴手Y),新北市
}巴黎焦糖F味,新北市
金三{牛角-群翊I包工社(2008年十大伴手Y),新北市
九份蜂巢糕黑糖麻^口味,新北市
王父食品有限公司-金月娘(2008年十大伴手Y),新北市
金成m店,新北市
新侔lm,新北市
新建成店,新北市
新巴黎食品坊,新北市
周f珍店,新北市
德裕~丸,新北市
味香~丸店(Sx~酥),新北市
d隆酸梅,新北市
阿m草仔@,新北市
黑殿排骨,新北市
八里出名t@,新北市
阿妹茶,新北市
m香坊,新北市
九份食i店,新北市
_持茶f,新北市
米堤甜c王,新北市
阿法法烘焙m子,新北市
竹炭S金(2010年伴手Y),新北市
新太源g工坊,新北市
台场⑻O、如意杯雪瓷系列(2010年伴手Y),新北市
Y享陶坊,新北市
春野新派川菜,新北市
八德素食@,新北市
上牛F板,新北市
彭@湘菜^,新北市
高生炒~,新北市
全香豆花,新北市
f香烤,新北市
永久手工包子ＹI店,新北市
北T田不辣,新北市
三b小i早餐,新北市
布娜w比利r啤酒餐d,新北市
Ldm,新北市
香之味烤,新北市
熊油lＹu店,新北市
鼎太香菇肉羹,新北市
翁裕美商行,新北市
日月香烘培坊,新北市
泶卟芽糖(2010客家伴手Y),新北市
多力u蛋皮蛋(2010客家伴手Y),新北市
高雄黑,新北市
咖哩王子,新北市
好吃wI,新北市
小德羊肉t?牛Y,新北市
x聚|/⒓宜,新北市
3D{天^雪花冰Ｙu店,新北市
下港米糕排骨酥店,新北市
啡A夜市佳佳香N,新北市
罴尹I食水^,新北市
文化B生豆{豆花,新北市
永美雪花冰,新北市
永新豆{店,新北市
永和金八式i排Ｙu店,新北市
叉子x大利I,新北市
家l@,新北市
翁小^,新北市
I嫂I,新北市
n街肉A王,新北市
G冰糖子,新北市
老~牛肉I,新北市
蔗u王,新北市
p喜z^,新北市
新f夜市i血,新北市
i切仔I,新北市
正古早味(古早味yA),新北市
[醴敬妻泡菜,新北市
黑肉A,新北市
檬草香茅火Ｙu店(^|店),新北市
斯味h堡,新北市
魔膳健康N房,新北市
佶料理店,新北市
北城脆皮烤,新北市
中和R口巨鼎N,新北市
中和R口麻油u,新北市
MV拉I,新北市
方王怨z^,新北市
大小品N水Ｙu店,新北市
打狗m-肉包子Ｙu店,新北市
呷七碗油,新北市
老兵牛肉I,新北市
小胖手工蛋,新北市
宜安路I,新北市
滇城南美食,新北市
阿s本家,新北市
老饕@,新北市
台扯够,新北市
湘@泰小吃,新北市
晶豪墙典婚宴^,新北市
REDt餐d,新北市
日l巴拉打,新北市
林福烤,新北市
李家I^,新北市
好口味食坊,新北市
九金店,新北市
王家美味c心,新北市
AP腿,新北市
福州林胡椒,新北市
福哥牛肉I,新北市
九份茶坊,新北市
保芋A,新北市
嵊吐榧^,新北市
S味肉羹,新北市
忘情小B茶坊,新北市
山海^茶坊(山海全^茶坊),新北市
V工食堂,新北市
石碇一粒粽,新北市
帝王食at面K母(始老店),新北市
北京城W粥,新北市
肉粽大u,新北市
阿春小吃店,新北市
德N,新北市
艾莉斯餐酒^,新北市
大胖活海r,新北市
台南二空新村鳇I,新北市
七米粉,新北市
孟B生坊,新北市
家小^,新北市
玉I堂,新北市
老O鳇I,新北市
勇伯米粉,新北市
源平溪鹘y豆花大王,新北市
Y仔央u,新北市
\土u城,新北市
蔡家炒羊肉,新北市
阿琴y水u、Z(介V隼系),新北市
粉A王,新北市
豪季水Ｙu店,新北市
三重香Qz^,新北市
F逅厥,新北市
烘大r焙咖啡,新北市
阿娥排骨I,新北市
Ancre café 安克黑咖啡,新北市
登峰~丸博物^,新北市
新f好望角牛角I包,新北市
宜m土包仔,新北市
抄手,新北市
晴光肉羹,新北市
芳包子z^,新北市
巧口g蛋糕坊,新北市
碧山f庭@餐d,新北市
天山l土u城,新北市
五股y粥小吃,新北市
福利泰日式多拿滋,新北市
阿香冰店,新北市
A店,新北市
元本r肉丸,新北市
古早味蚵仔I,新北市
喜生食品工I股份有限公司,新北市
佳郁企I股份有限公司,新北市
角之^(S金牛角Ｙu店),新北市
tI,新北市
平林r,新北市
p溪香甜小吃部,新北市
家豆腐,新北市
大胖子豆腐冰淇淋,新北市
故l的口味,新北市
枋_堡大天皇毛蟹城,新北市
阿生便,新北市
富士海r,新北市
阿芳石花,新北市
福隆l月台便,新北市
新港海r,新北市
中~店,新北市
添丁切仔I,新北市
Ll切仔I,新北市
阿郎切仔I,新北市
J洲大R口切仔I,新北市
阿六切仔I,新北市
B聿仔I,新北市
翡翠谷食店,新北市
花神咖啡^,新北市
林xF味Ｙu店,新北市
L歌林F味,新北市
滋味嘉羊肉I,新北市
f村食光,新北市
昭和@,新北市
勇伯垃圾I,新北市
香香肉粽,新北市
雅}烘培Ｙu店,新北市
山泉水手工豆花,新北市
M溪Q肉A,新北市
三角(徐)u菜茶,新北市
三{九b老店,新北市
O品牛肉I,新北市
珍dI店,新北市
i血糕,新北市
L福食店,新北市
心心I包店,新北市
德利休息站(|木河茶f),新北市
福L商,新北市
老地方小\包,新北市
金都餐d,新北市
(中埔)阿叩娜毡颈,新北市
阿吉鹩A店,新北市
怡如小吃店,新北市
巧T西cI包,新北市
厝商店 u,新北市
台趁旱V博物^(V工便),新北市
平溪山泉豆花,新北市
五舄i_,新北市
三重牛乳大王,新北市
北港T生炒肉羹,新北市
R口的油,新北市
新dA,新北市
朱米粉炒花枝羹,新北市
阿三切仔I,新北市
梁傅牛肉I子^,新北市
三才`芝r,新北市
石碇R告香c,新北市
冰芝林,新北市
阿擗叩嚷,新北市
真髋Ｈ獾,新北市
喜相逢米粉,新北市
台G店B生膳(淡水店),新北市
B生甜c,新北市
海霸王,新北市
加意蜂蜜茶Z,新北市
W里人文咖啡,新北市
大浔,新北市
王氏豆腐,新北市
美美食店,新北市
}保_烘培花@,新北市
食匠刂荽箴Q,新北市
蔡家F打果汁,新北市
吉市牛排,新北市
曾花枝羹,新北市
美之品F味,新北市
二哥的店美食^,新北市
古早味黑砂糖v冰永和王歌店,新北市
4公@良古早味黑糖v冰,新北市
大庭牛肉I,新北市
商x尤F路月台便,新北市
_桂山S桂山冰棒,新北市
海@活海r,新北市
嘉xt心粉A,新北市
金瓜石＞坝^度假e墅,新北市
三重今大肉,新北市
野宴食堂,新北市
周老爸r尚m,新北市
金包里天D_炸~l,新北市
金山李家@行(富品家鹘y美食),新北市
阿郎甜不辣~丸店,新北市
金包里市龆{店,新北市
阿玉麻,新北市
周踟i切仔I,新北市
保安堂,新北市
廖木成百年老店入口酥,新北市
建安茶行,新北市
正全茶行,新北市
康喜牛角I包三{老街一店,新北市
咪呀x大利餐d,新北市
小戴u排,新北市
永安包子店,新北市
名S豆腐,新北市
德佳香食品行,新北市
草地人蚵仔I,新北市
f金山督厝^,新北市
天一方厝茶^,新北市
全d大c蚵仔I,新北市
泰v食堂,新北市
月油,新北市
北肉羹,新北市
王r仁羹,新北市
[油的故l,新北市
如甘蔗Z,新北市
老Ah,新北市
阿嬷ㄟ豆花,新北市
老牌L歌蚵仔I,新北市
石仔,新北市
破I店,新北市
美香股份有限公司,新北市
F肉,新北市
o大霜淇淋,新北市
陶花@餐d,新北市
咕９ＥＨ恻I,新北市
古早味,新北市
相F肉(冬粉王),新北市
小畲嗄c,新北市
尚青ㄟ羊肉t,新北市
大和院客家美食 (原你家我家客家菜),新北市
芳堤{克子工房,新北市
柿外仙境,新北市
阿爸的客家菜,新北市
白河阿婆碗@、米苔目【三重店】,新北市
白河阿婆碗@、米苔目【仁鄣辍,新北市
白河阿婆碗@、米苔目【团d店】,新北市
中外陶瓷行,新北市
神州u木品,新北市
松之lra有限公司,新北市
牛埔一意起司包子店,新北市
古伯手工米苔目,新北市
鼎S雅f客家美食,新北市
[天禾玉]冠米,新北市
艾肺o蛋工坊(祥立食品),新北市
S食品有限公司,新北市
格g蛋糕,新北市
茶l桂花r@,新北市
f家香u@股份有限公司-三重S,新北市
r大王,新北市
R跖殴,新北市
清味香I,新北市
吉川I包坊,新北市
裕馥西cI包店,新北市
香都烘培,新北市
一之食品团d店,新北市
富士屋蛋糕店,新北市
哈利波特烘焙坊,新北市
hc食品,新北市
劬S蛋糕,新北市
\g根,新北市
膳B生主}餐d,新北市
滴水坊餐d,新北市
w月小^,新北市
慕拉Zx式餐d,新北市
北斗肉A,新北市
桐花l咖啡^,新北市
216f@咖啡,新北市
南川I^,新北市
雪花鳇I,新北市
竹家刈包,新北市
彼得公u地中海料理,新北市
六必居 潮州一品沙粥,新北市
古早味油,新北市
阿英鹘y越南I,新北市
宋食品,新北市
小食堂,新北市
三重彭@,新北市
永和周家年糕,新北市
蔡|d,新北市
南b百,新北市
L歌^r,新北市
三芝^r,新北市
阿u,新北市
新f肉店,新北市
巨佳食品,新北市
~之l,新北市
P肉,新北市
新味香肉,新北市
淑女水果,新北市
秋香水果,新北市
牛哥肉,新北市
家Ps,新北市
手工水,新北市
好朋友的店水果,新北市
皇后森林,新北市
三{李溪口F烤香c,新北市
里x大利薄披_,新北市
俊客思,新北市
蛋糕r道家,新北市
u蛋糕店,新北市
布果蛋糕坊,新北市
九九I食^,新北市
全味香肉,新北市
原味麻油u,新北市
南萁桥_扯够,新北市
古早厝豆腐美食,新北市
大湎吕系,新北市
山店}酥i_,新北市
硗げd,新北市
Pizza Olmo,新北市
浙嘉@餐d,新北市
豹豹咖啡^,新北市
八里奶奶花枝,新北市
板蚴^肉A,新北市
泰山李胡椒,新北市
林口S冰棒,新北市
五股老客肉A蚵仔I,新北市
祥茂糖果S,新北市
梅春公路店,新北市
茶l@,新北市
十方茶食料理,新北市
L歌香香水^,新北市
金山郭家花生糖Ｙu店,新北市
金山L益店,新北市
Y仔I,新北市
玟璋手工烘培I包店-派舻胤ㄊ讲葺起司派6(2012年特色伴手Y),新北市
海山店,新北市
S源d店-新北市-五仁酥(2012年特色伴手Y),新北市
石碇S家手工I行,新北市
金三{-碧螺春茶~蛋越M(2012年特色伴手Y),新北市
文山包N茶-富F茶香Y盒(2012年特色伴手Y),新北市
艾妮西c烘焙,新北市
我家N房-美新店-t麴豆乳(2012年特色伴手Y),新北市
金三{牛角,新北市
也飞烫-野凡,新北市
尼克子工房,新北市
淡水O,新北市
托洛w阿,新北市
一碗小羊肉,新北市
佳宜肉粽-g芋香粽,新北市
茶花f-清雅r香野K花粽、花草冰淇淋,新北市
三{肉粽王,新北市
米工坊-月桃肉粽,新北市
金w蛋糕-c心蛋糕伴手Y＜,新北市
福美金牛角,新北市
永和世界豆{大王,新北市
芎@咖啡盆景餐d,新北市
桃方z森林餐d,新北市
水洞[客中心/山城食堂,新北市
R家堡餐小吃店,新北市
R岸休f美食,新北市
飞角f,新北市
O村活海r,新北市
船家海r世界餐d,新北市
明小,新北市
玖心料理,新北市
翰品酒店,新北市
碧利咖啡,新北市
友信~肥澜,新北市
老船L平r海r,新北市
海洋城活海r,新北市
嘉邑海r小^,新北市
筒麻^,新北市
S港式D,新北市
土城市鍪焓,新北市
唯S肉,新北市
新港生炒肉羹,新北市
S家f肉,新北市
海四乾I,新北市
馥m朵矶杉倬频,新北市
小x大利咖啡,新北市
明山天[厝^,新北市
八厝^,新北市
淞帜吮F味,新北市
八N小\包脆皮N,新北市
市蓍fr,新北市
R味精@麻辣火,新北市
新八放Ｈ恻I,新北市
酒f美食餐d,新北市
石板小吃店,新北市
嗑堂,新北市
_撑王H事I有限公司,新北市
洪厝蛋,新北市
招麻^,新北市
阿基尼Y梅,新北市
TO HOUSE 兔子餐d,新北市
八里一支小吃店,新北市
d土u城,新北市
玉知高A知高,新北市
花岩山林花@餐d,新北市
哥德W式手感烘焙公司,新北市
海味家海r餐d,新北市
大海美食小吃店,新北市
海咖啡眇^,新北市
三居蔬食餐坊,新北市
溪嫂活海r,新北市
小I工坊,新北市
ATTS Coffee,新北市
老Y的家l味(酸菜白肉),新北市
詹麻辣火,新北市
好初早餐,新北市
蔡家排骨,新北市
米迦I烘焙有限公司,新北市
c祥潜狈金^,新北市
e力膳羊肉I,新北市
\d@休f餐d,新北市
霸味K母,新北市
福慧根,新北市
大胖醮浊I,新北市
周家祖醮浊I,新北市
南C龆垢殿,新北市
u牛小brunch-xJ,新北市
咖啡意R烘焙^,新北市
朱美g^-G方K茶屋,新北市
大A168~羹(板蚪鄣),新北市
松柏@子^(林松柏@餐d),新北市
酋L文化村,新北市
泰雅巴R部落村,新北市
oI地,新北市
阿拉拍奇早餐店(新北瑞芳店),新北市
唐f自助粥m/艇王生猛海r,新北市
芭_桑原住民主}餐d,新北市
大小通吃V|粥,新北市
t鸦 - Hello Kitty淡水店,新北市
汪汪地瓜@(薄暮田原),新北市
i二哥F烤芝麻杏仁i肉干,新北市
芍П狈近I食^  (土城店),新北市
芍П狈近I食^ (板虻),新北市
尚鼎精品茗茶,新北市
祥鼎u茶,新北市
深坑R口王水成老店,新北市
福A真功夫B生z^,新北市
上水闶日式物,新北市
斯陋cafe,新北市
巴姆焓称饭煞萦邢薰司,新北市
浩h食品S有限公司,新北市
P堂m,新北市
白金花@酒店花@咖啡d食光廊,新北市
伴山rf,新北市
源味本F烤蛋糕店,新北市
南T糕街,新北市
板蚧ㄊ,新北市
深坑ra品直N暨[客服罩行,新北市
二格公@(ra品展售中心),新北市
陶笛ㄚ志,新北市
明德堂香m,新北市
澳底海r街,新北市
潞工作坊,新北市
板蛐抡经h球物中心,新北市
尤w工作坊(|N特a店),新北市
工作坊,新北市
_拉散皮雕工作坊,新北市
竹柏苑,新北市
三井 OUTLET PARK LINKOU,新北市
吾Y茶Z SIIDCHA,新北市
瑞芳美食V,新北市
利克商(Lick Lick Ice Cream),新北市
香蛋糕,新北市
麒香豆干店,新北市
Bern brunch 伯恩咖啡,新北市
虎鳇I,新北市
九份S金豆干,新北市
高照茗茶,新北市
玄明田食堂,新北市
九份偌野生葡萄籽,新北市
九份金M堂黑糖茶,新北市
S金茶(九份黑糖K母茶始店),新北市
精吧 BestBrews,新北市
宜客The Eatery,新北市
聚味 China Spice,新北市
AP}g活又行,新北市
呷七碗,新北市
L青Y典怨餐d,新北市
伊莎拉海┛Х瑞^,新北市
O北{c,新北市
定迎九份老街一店,新北市
柴米夫妻中式I^,新北市
~藏婚宴V/海r食堂,新北市
私藏不藏私,新北市
淡水f50年代枝仔冰,新北市
九鹌殴旁缥抖够,新北市
永哥港式c心坊,新北市
宏野食堂,新北市
MATTER CAF?,新北市
小诽,新北市
丹豆商行,新北市
黑金髌嫠K母茶,新北市
烟S^T市,新北市
L谷川HI有限公司,新北市
帖屋企I有限公司,新北市
Dave & Jess 大l希市集餐d,新北市
BUTTERFLY 1 夏威夷豆塔/黑熊怨塔,新北市
定迎九份海景二店,新北市
羽曦堂,新北市
PAPAMIAx式N房,台中市
春水堂-大墩店,台中市
南瓜屋x式餐,台中市
l村ZN房美式餐d,台中市
}Am素菜餐d-大雅店,台中市
SZ肉,台中市
赤鬼炙牛排-崇德店,台中市
炭火肉工房,台中市
烤钤橙帐教炕肉-一中店,台中市
泰蕴┦搅侠,台中市
新天地餐集F-崇德旗店,台中市
京A,台中市
八分,台中市
新天地餐集F-|^店,台中市
春天素食餐d,台中市
春水堂-S返,台中市
露B嫩仙草店,台中市
幸l亭蜜豆冰 - 健行店,台中市
||芋A,台中市
mf法式蔬食咖啡^,台中市
春水堂-四S店,台中市
咕９Ｔ住民音凡d,台中市
竹之lL味餐d,台中市
谷明土u城,台中市
之居土u城,台中市
春水堂-中科永福店,台中市
艾凡里咖啡美食,台中市
野宴日式碳火烤-沙鹿店,台中市
钤仙草m-|d店,台中市
幸l亭蜜豆冰 - 北平店,台中市
泰妃苑泰式料理,台中市
碧G素食餐有C@,台中市
素坊N房,台中市
心@-文心公益店,台中市
禾野酵素生活^,台中市
赤鬼炙牛排-台炒蟮赖,台中市
又一炊,台中市
中非咖啡,台中市
春水堂-H店,台中市
2派克脆皮u排-台中黎明店,台中市
印月意|方宴,台中市
木匠租烤肉休fV,台中市
潮港城海r,台中市
震灏俟矫朗程禺a,台中市
新天地餐集F-梧始店,台中市
富鼎旺i_,台中市
_中金典酒店,台中市
潭子臭豆腐,台中市
四十年老店u蛋蚵仔煎,台中市
50年代台北蚵仔I,台中市
正老牌I糊,台中市
一中S仁冰,台中市
N和甘草芭,台中市
一家之薯,台中市
一心素食臭豆腐,台中市
一中8商伎倦u排,台中市
阿V中|沙威,台中市
京港式茶,台中市
半月WＹu店-一中店,台中市
梨子咖啡^-S原店,台中市
梨子咖啡^-崇德店,台中市
春水堂-朝富店,台中市
春水堂-中友店,台中市
春水堂-三越店,台中市
春水堂-美店,台中市
春水堂-新r代店,台中市
春水堂-育才北店,台中市
春水堂-公益店,台中市
Top City_中大h百,台中市
中友百,台中市
新光三越百公司,台中市
黑色古堡-法xL味人文餐d,台中市
橘光呼Ｘ咪主}餐d,台中市
葵海r,台中市
琵央卡x式餐d,台中市
|荽笸牍冰店,台中市
薰衣草森林,台中市
阿亮香菇@,台中市
心之芳庭,台中市
阿秋V,台中市
阿秋大肥Z宴d,台中市
格哆莉奶酪Y,台中市
熊O反a^Okuma Fishing Museum,台中市
SF板,台中市
宜家家居 IKEA,台中市
C柢咖啡公寓,台中市
The Prime-Grill O炙牛排^,台中市
Soluna-All Day Dining 啡日餐d,台中市
元波肉A,台中市
元生咖啡,台中市
菇神^景}合式餐,台中市
_布森x房,台中市
老舅的家l味,台中市
串串-串 kusu kusu-kushi yaki,台中市
屋R肉料亭,台中市
t巢肉工房,台中市
丰丹肋x本m,台中市
旺食品行,台中市
台中A美街担仔I,台中市
米吉米食天地,台中市
美洲冰品,台中市
裕珍馨/光明旗店,台中市
裕珍馨/Y公店,台中市
|菖f火站暨客家文化@^,台中市
Passenger S食。旅人,台中市
赤坂屋 日式碳烤肉店,台中市
R-Star Coffee,台中市
田食品--性食物  健康福田,台中市
老阿太和O女的手工小吃,台中市
天N鹘y早c,台中市
@一 皇室秘藏物,台中市
HUN 混,台中市
目X三店（mezamashikohi trio）,台中市
港町十三番地(p十店),台中市
小O酒u,台中市
MITAKA 3e CAFE,台中市
食いしん坊,台中市
星月大地,台中市
@,台中市
玩具牧,台中市
佛_斯x法料理餐d,台中市
皮耶小^,台中市
阿在筒仔米糕,台中市
三臭臭-大甲店,台中市
台车谝晃-大甲店,台中市
瞬栊∨m-Y公店,台中市
DIDI DOMO}合式餐d,台中市
L味@餐d,台中市
|香咖啡,台中市
林水^,台中市
阿木大餐d,台中市
贪涂Х,台中市
台中一中店go?ter雅培米堤法式烘焙,台中市
|L雅舍,台中市
怨怨Ｙu店,台中市
[し藏-向上店,台中市
SUGAR & SPICE 糖村旗a店,台中市
SUAGR & SPICE 糖村崇德店,台中市
SUAGR & SPICE 糖村福雅店,台中市
SUGAR & SPICE 糖村向上店,台中市
57夯肉 （o烤火吃到）,台中市
鸦B森林,台中市
元祖I股份有限公司-台中团d店,台中市
|萘,台中市
FRajo 法爵雪酪烘焙坊,台中市
FRajo法爵天然雪酪烘焙坊 青海T市,台中市
伊藤I包工房,台中市
|喜堂,台中市
三LI^,台中市
峄鹈朗脚Ｅ牛Heat Steak．,台中市
布_佩斯冰淇淋,台中市
帝一食a碳K母,台中市
石全石美石Ｙu店,台中市
先生L味I^,台中市
四月南L　卡斯提拉,台中市
新天地|^-瀚熙,台中市
DK9大坑九,台中市
三元花@餐d有限公司,台中市
爪子咖啡 Cat's Claw Brunch & Cafe',台中市
地芋添糖包心粉AＹu,台中市
逢甲g沸,台中市
大花朵朵主}餐d(大花朵朵整合行N有限公司),台中市
森林小接H子友善物餐d,台中市
森活，系(森活文有限公司),台中市
老咖啡,台中市
安妮N房,台中市
水某茶^,台中市
咖啡~烘焙坊,台中市
咖啡(咖啡),台中市
函^和L火店,台中市
Gray House灰房子x式餐d(食恬x式餐N),台中市
小熊屋中友店(S鼎dI有限公司),台中市
餐d,台中市
灰/(禾美食^),台中市
台中培米堤法式烘焙(R丁尼食品有限公司),台中市
幸福好食咖啡Homecafe,台中市
野菜共合,台中市
灰/(尚豪美食^),台中市
好冰室(好企I有限公司),台中市
味o味生活美W食空g,台中市
"小耗а├蜇彩L冰棒,蛋糕店",台中市
允泉-自由店,台中市
}包 SaoBao Bar&Kitchen,台中市
^光工账,台中市
路德威餐^,台中市
黝}咖啡,台中市
一福堂老店,台中市
浜显,台中市
喜S香x368  h式喜  喜推] 台中伴手Y,台中市
法雅花@冰品甜c,台中市
TSUTAYA BOOKSTORE 台中市政店,台中市
o藏茗茶,台中市
冒的堂朗侥西哥餐d,台中市
f振南店,台中市
五南文化V,台中市
涮老日本定食-公益始店,台中市
涮老日本定食-大墩十九店,台中市
涮老日本定食-台中团d圪I店,台中市
涮老日本定食-台中|山店,台中市
安妮公主花@,台中市
涮老日本定食-台中文心店,台中市
哈里W咖啡蔬食^,台中市
涮老日本定食-台中青海店,台中市
涮老日本定食-台中大里店,台中市
hJ^,台中市
一膳炭造料理~Ｙu店 (市政店),台中市
北巯-公益店,台中市
益家人B生怨,台中市
北巯-大里店,台中市
EliubiS哿舯舜怂淇淋w店,台中市
布佬N房 - 台中新都店,台中市
李安妮向日葵r觯耦As制）,台中市
S院,台中市
涮老日本定食-台中水圪I店,台中市
F道之l酒f,台中市
北回木瓜牛奶-逢甲店,台中市
先拼rpinfresh,台中市
石城,台中市
Hione World 海肥澜,台中市
段-V三Sogo,台中市
【曾响】台承〕 古早味美食 u B生 鹘yF味,台中市
沁@春,台中市
裕珍馨/大h百,台中市
匠的故l-美景r,台中市
G野r{o花果,台中市
浮世三千,台中市
唐太盅B生跗诽 台中公益店,台中市
唐太盅B生跗诽 台中中科店,台中市
唐太盅B生跗诽 台中大里店,台中市
W悍ǖGIp食餐 台中公益店,台中市
W悍ǖGIp食餐 台中h口店,台中市
W悍ǖGIp食餐 台中五嗟,台中市
W悍ǖGIp食餐 台中福科店,台中市
W悍ǖGIp食餐 台中英才店,台中市
[ 台中福科店,台中市
[ 台中公益店,台中市
阿知p肉 台中黎明店,台中市
曾家i^｜ 炎,台南市
@|山^,台南市
西井村蜂蜜F味 安平店,台南市
Vd肉脯店,台南市
台南度小月仔I原始店本m,台南市
罡钌┤怍盏,台南市
小西_碗@,台南市
阿x炒X~,台南市
再l肉粽,台南市
明新食品-安南店,台南市
大z花g,台南市
善化糖ST市部,台南市
不老f膳香c,台南市
阿三意I,台南市
泰香m水果,台南市
sx蜜T行,台南市
克林台包,台南市
振戆l诛蛋糕,台南市
p全t茶,台南市
天冰棒,台南市
友\r仁肉A,台南市
台南小南碗@,台南市
阿霞店,台南市
阿美店,台南市
金A61f片G豆蒜 - 台南安平店,台南市
修安扁豆花,台南市
辛村籽F味,台南市
阿x炒X~,台南市
T客２d,台南市
日勿rhalife - 赤糖原糖概念^,台南市
玉井^r崆樾∽用⒐冰^,台南市
圃@a品DIY^光工S,台南市
牧大畜牧觯ㄈ鹉炼觯,台南市
|山aI生a合作社,台南市
芳s米S,台南市
f永瑞珍喜,台南市
松.露v在所,台南市
王家庄钤@,台南市
硐泔,台南市
莉莉水果店,台南市
阿憨y粥,台南市
福s小吃店,台南市
赤棺材板,台南市
s盛米糕,台南市
第三代虱目~丸,台南市
甘本堂蛋糕烘焙坊,台南市
f子土豆仁,台南市
美僬涿垧T,台南市
f川m,台南市
f戆lm,台南市
信裕,台南市
xS冬瓜茶,台南市
林永泰d蜜T行,台南市
B得堂家,台南市
振l茶行,台南市
金德春老茶f,台南市
文峰茶f,台南市
安平F美食文化^,台南市
集品r仁,台南市
品香肉粽,台南市
府城大水缸,台南市
瑞珍r仁Q,台南市
玉井之T,台南市
章成芽-安平店,台南市
台南安平得意r,台南市
番王伯安平老街蜜T,台南市
r到爆,台南市
利m,台南市
福肺,台南市
同安平豆花,台南市
小南米糕,台南市
依蕾特布丁,台南市
3皇3家 中A|店,台南市
美肉A,台南市
安平阿水伯手工包子,台南市
|香咖啡@^(|山咖啡),台南市
M福炒X~＜,台南市
S家r仁肉A/芋@,台南市
阿意I,台南市
矮仔成r仁,台南市
S家r,台南市
上海A都小吃,台南市
3皇3家 金A店,台南市
食天堂(台南西T店),台南市
伊莉的店 c中街店,台南市
窄T咖啡^,台南市
阿蹩Х,台南市
尚品咖啡-台南南T店,台南市
小公@仔I,台南市
江川肉燥,台南市
真正t土,台南市
清子香c熟肉,台南市
麻豆助碗@,台南市
阿P浮水虱目~羹,台南市
森茂碗@(_山店),台南市
禧访赘,台南市
阿浚I,台南市
永肉,台南市
落成米糕,台南市
永虱目~丸,台南市
福肉A,台南市
保安路米糕,台南市
俊吉w,台南市
x珍肉脯m,台南市
上海好味道小\包,台南市
上富小吃店,台南市
85度C咖啡蛋糕-台南|店,台南市
炜匣@餐d,台南市
阿地牛排^,台南市
D角餐d Corner Steak House,台南市
思x式餐坊,台南市
永林C合料理台南本店 Yonlin Restaurant,台南市
水缸豆花,台南市
大同包子店,台南市
千香香uＹu店,台南市
香港朱茶水,台南市
桃山日式餐d,台南市
老牛肉I,台南市
主恩之家刀削I,台南市
海肉粽,台南市
阿秀古早味肉粽,台南市
AdX~意I,台南市
茂黑豆花大王,台南市
甜在心咖啡^,台南市
林家-碗_富@,台南市
安徒生咖啡^,台南市
家蚵,台南市
冰品,台南市
台邦商旅-帕莎西餐d,台南市
富霖宴^-港式茶,台南市
桂手工水^,台南市
四季味包食堂,台南市
阿X~意I,台南市
|_食品企I有限公司,台南市
王西菔称沸,台南市
喜多l味肉粽,台南市
阿阿珍花生糖,台南市
大嘲⒚阿豪花生糖,台南市
大臣@仔,台南市
施家羊肉,台南市
x清受蚵仔粥,台南市
煎@,台南市
一心山羊肉,台南市
瓜瓜@地瓜生B故事^(^光工S),台南市
|l春,台南市
仔肉@,台南市
福仔米糕,台南市
老牛伯i血i肺@Ｙu店,台南市
山亭蛇肉店,台南市
玉井之T,台南市
福砻纷须u,台南市
大餐,台南市
太山梅子u,台南市
牛稠埔肉粽,台南市
阿x土u城P梨苦瓜u,台南市
克x小吃,台南市
乙旺I,台南市
新埔米@,台南市
肉大王,台南市
P旋餐d,台南市
德春米糕,台南市
碗@m,台南市
炎山碗@,台南市
纺_林草~粥,台南市
裕益碗@王,台南市
老牛肉I,台南市
包仔福佳里肉A,台南市
佳里r切仔I,台南市
百年老店 大c粥,台南市
西品r仁p肉,台南市
外安虱目~Ｙu店,台南市
安哥海a店,台南市
S海rO府,台南市
f春I,台南市
W甲Z肉,台南市
永通虱目~粥,台南市
V益虱目~丸,台南市
秀碧蚵嗲,台南市
福隆餐^,台南市
怯酒螺,台南市
老施牛肉I,台南市
阿松臭豆腐,台南市
新I阿宗肉丸,台南市
A味香肉羹-延平店,台南市
A味香肉羹 新M店,台南市
A味香肉羹三店,台南市
老包子店,台南市
康放哐恳恻I,台南市
包仔胚芽意I,台南市
民雄海a餐d,台南市
新I阿忠豆菜I,台南市
特味香香cＹu店,台南市
延平砂~^,台南市
後壁冰糖u (Houbi Crystal Sugar Braised Duck),台南市
白河^,台南市
怯豆菜I,台南市
竹T雪冰枝店,台南市
店仔口肉丸,台南市
|山排骨酥,台南市
合|山^,台南市
日喜豆花,台南市
|山肉A,台南市
阿文肉丸大c,台南市
良e山海a店,台南市
口福羊肉店,台南市
大I耀豆菜I,台南市
阿d168`茶Z,台南市
阿d168Z肉餐d,台南市
_南市柳I^r田,台南市
小_腿羊肉店,台南市
}水豆羹,台南市
林家肉A,台南市
yh冰果室,台南市
阿桐意I,台南市
清安}水意I,台南市
八角钱w,台南市
}水煎包,台南市
一等龆瓜原汁,台南市
正食堂,台南市
新市i_,台南市
新市大胖海a40年老店,台南市
姑婆I,台南市
世芳花生糖，麻花,台南市
中@仔伯的店,台南市
港口~,台南市
黑蚺剖称,台南市
松食品,台南市
周氏r,台南市
y波布丁,台南市
山倾y古早味冬瓜茶,台南市
椿之味薏仁,台南市
延g堂-高粱酸白菜火,台南市
八老站-乳牛的家,台南市
X硪搽s瓦斯行,台南市
田下IZ肉美食店,台南市
施家小卷米粉,台南市
杜r仁肉丸,台南市
客再懋w,台南市
正下大道米糕店,台南市
天王牛排,台南市
天王牛排,台南市
冬瓜冬瓜茶冷Ｙu店,台南市
_南府城 侨f春蜜T,台南市
寮咖啡,台南市
阿卿杏仁茶,台南市
助仔牛肉,台南市
阿松割包,台南市
沙淘m菜粽,台南市
南方澳芋冰城,台南市
共益冰果室,台南市
新I小,台南市
台南桂田酒店,台南市
明治屋餐d,台南市
咖啡^,台南市
六f陶秀,台南市
蚰厦朗晨Х,台南市
f味珍,台南市
草山月世界308高地休fr鐾白须u,台南市
大榷共它I,台南市
碗@,台南市
新化王家`羊肉,台南市
瓜瓜@,台南市
阿裕牛肉,台南市
t屋,台南市
家手工豆花,台南市
f味香u@T市部,台南市
臻品周氏泡菜,台南市
忠味I^,台南市
井x,台南市
街役龉袍餐坊 Historical Township Office Restaurant,台南市
Kaluwa 泰式音凡d,台南市
一芝t大旺砗姹悍,台南市
二空村L家鳇I,台南市
w家D味,台南市
二空燕京[油,台南市
二悠好纷与u,台南市
二牛肉I,台南市
三代祖魍腼,台南市
跎娇Х,台南市
三r台海r平r料理,台南市
千家,台南市
士久扁食,台南市
大坑休fr,台南市
邱家小卷米粉,台南市
大陈”c,台南市
Mr.Wheat 小先生意料理 - 新市始店,台南市
小精`餐屋,台南市
山友餐d,台南市
山居Y仔u美食（PX店）,台南市
L春健康素食餐Bi中A店,台南市
五花R水^(台南裕rT市),台南市
公^古早L味餐,台南市
洪牛肉全牛料理-原:天才F宰牛肉t,台南市
天香@梅仔u餐d,台南市
尤安平B生堂,台南市
文川梅子u,台南市
木成香菇,台南市
牛の屋,台南市
o患子生技_l有限公司,台南市
古早厝美味山a快炒,台南市
古都碗@ |T店,台南市
古堡蚵仔煎Ｙu店,台南市
台南蔡虱目~Ｙu店,台南市
台糖糖S冰品,台南市
x火u,台南市
打火兄弟ㄟI店,台南市
民噱意I,台南市
椰子林美食餐d,台南市
南化阿m餐d,台南市
白雪冰果室,台南市
石精臼c心城,台南市
立大冰城,台南市
畚泥l冰u -台南玉井店,台南市
吉利排骨I-新市,台南市
如意臭豆腐,台南市
成功u油新化T市,台南市
玉井有g冰m芒果冰,台南市
德古早味汕^豆花,台南市
百年月津}水意I,台南市
竹香@Y缸u(店),台南市
羊城小食店,台南市
老街山a美食,台南市
老lL景^餐d,台南市
西^冰城,台南市
宏昌本a羊肉,台南市
新I李家宇航牛肉,台南市
里夫蛋糕店,台南市
佳湘西c,台南市
卓仔I店,台南市
味新m,台南市
味道食品商行不老f,台南市
呷霸浮水~羹,台南市
奇美咖啡^,台南市
官臭豆腐,台南市
岩自然休f坊,台南市
所L茶~蛋 (新化店),台南市
明新食品店,台南市
明新食品-w仁店,台南市
明新食品-|二店,台南市
Toka|加和h作料理,台南市
|大Tn烤肉料理,台南市
新化~|成u油^,台南市
山里塾癖,台南市
|茂餐d,台南市
|d蚵嗲,台南市
||宴式-A平旨摒^,台南市
|~翅,台南市
松村`味,台南市
林仔土~羹,台南市
林虱目~小吃店,台南市
林意I,台南市
台南武R肉A,台南市
河南冰f,台南市
金加t店,台南市
金得春,台南市
阿良碗@,台南市
石家正阿美G豆,台南市
阿娟咖哩肉羹,台南市
阿真肉A,台南市
阿菊食堂,台南市
阿燕姨冰枝店,台南市
阿杏仁茶,台南市
秀里蚵嗲,台南市
保哥黑,台南市
保d味食品行,台南市
信仔牛肉,台南市
南L冰室,台南市
南高夫球龈皆O餐d,台南市
品牛牛肉,台南市
品味食品行,台南市
姚 B,台南市
台南度小月担仔面,台南市
度小月仔I,台南市
台南h洋香瓜合作社,台南市
柑@咖啡,台南市
柚花精酵醋,台南市
泉成c心店,台南市
泉威布丁豆花,台南市
洪祖仔I,台南市
茅]rf,台南市
香榭咖啡餐,台南市
麻豆土~,台南市
石精臼蚵仔煎,台南市
唐早c,台南市
夏家手工~I,台南市
嘉昌u肉,台南市
家屋餐,台南市
山野味餐d土u城,台南市
泰成水果冰店,台南市
泰味食足,台南市
海王子庭@餐d,台南市
真真香肉脯行,台南市
氏r,台南市
御香咖啡,台南市
清香牛肉,台南市
甜@冰室,台南市
荷l香@,台南市
秘}合式咖啡d,台南市
c中街郭家G豆,台南市
四川口味Dc,台南市
尚r排骨酥I,台南市
倮早c,台南市
周仔M口羊肉,台南市
善化r冰品休f中心,台南市
善化啤酒S,台南市
P梅吐,台南市
景好@咖啡庭@,台南市
i茶,台南市
A味香旗店,台南市
M福大郴ㄉ糖-赤店,台南市
_源社香u排（新市店）,台南市
雅品桶仔u,台南市
象泰式餐d,台南市
黑蚺葡隳c博物^,台南市
Ah肉粽菜粽,台南市
想像空g美食屋 f爸泡菜,台南市
福大食品有限公司,台南市
新化老蛋糕,台南市
新加坡冰城,台南市
新玉香麻花60年老店,台南市
新昌羊肉Z肉,台南市
新l行,台南市
新f香餐d,台南市
新f土u城,台南市
子工坊 MaMaYang Bakery,台南市
梅X鞑捎芸Х,台南市
果r之家,台南市
f有全食品S,台南市
~家小卷米粉,台南市
c中街i血,台南市
~陶罘蝗宋牟d,台南市
r舍庭@茶坊,台南市
嘉x廖火u肉,台南市
sd水果店,台南市
哩咖啡,台南市
莎@,台南市
碳佐麻里日式肉 - 台南中A店,台南市
福生小食店,台南市
福砻纷须u餐d（楠西店）,台南市
福泰桌,台南市
福遣d,台南市
G色空g,台南市
台南七海~肚~皮Ｙu店,台南市
豪喜,台南市
y座日式料理,台南市
⒂韭菜盒子,台南市
⒓钐,台南市
德昌碾米工S,台南市
c瑞茶f,台南市
林,台南市
磐作陶坊,台南市
Y}餐d,台南市
蔡家米糕,台南市
x哥本a牛肉t,台南市
R古茶,台南市
翰林茶^,台南市
母寮市隼圾I,台南市
泉岩土uf,台南市
泉食堂,台南市
X景土u城,台南市
品牛肉,台南市
魉纳,台南市
香菇蛋,台南市
EPi^,台南市
芝林`茶Z,台南市
_香瓜子,台南市
m科植物@,台南市
F金食品有限公司,台南市
w育公@杏仁豆腐冰,台南市
U牛牛肉涮涮,台南市
利_豆花（佳里店）,台南市
阿水{粥,台南市
安平小m 安平形象店,台南市
椿友手工烘焙坊,台南市
丹莉蛋,台南市
n匠│n食品Ｙu店,台南市
糇胁_Dream Corner,台南市
咖啡部屋,台南市
佛都塾,台南市
佛都塾窦牙锲炫店,台南市
感性味,台南市
合口味肉品-麻豆店,台南市
卡布里xN,台南市
gD角,台南市
六巷手作料,台南市
清珠布丁豆花,台南市
r之幸福p手工蛋,台南市
舞Q烤m,台南市
有c巷,台南市
新PQ茶I有限公司,台南市
阿妙意I,台南市
光-Sunnygogo dried fruit,台南市
一品塘手工杏仁奶酪,台南市
益生d蜜T,台南市
||宴式-永大幸福^,台南市
|坊,台南市
Bark露天茶酒吧,台南市
毛S SｉT店,台南市
小方舟串酒,台南市
倭⑴Ｈ,台南市
西_殿牛肉,台南市
台南市牛家f牛肉,台南市
阿牛肉,台南市
安平林牛肉,台南市
|哥牛肉後甲店（南）,台南市
郭巧味牛肉店,台南市
肯牛城牛肉,台南市
Ah牛肉,台南市
潘家牛肉,台南市
康方峙Ｈ,台南市
忠嫂牛肉,台南市
崇德牛肉,台南市
羌彝廉a牛肉,台南市
阿家牛肉,台南市
滋B,台南市
阿M牛肉,台南市
美r牛肉,台南市
阿英牛肉,台南市
文章牛肉,台南市
三大牛肉火,台南市
吉品F宰牛肉清,台南市
阿宏牛肉,台南市
⒓仪f牛肉t,台南市
好味道牛肉,台南市
家土a牛肉,台南市
阿生牛肉,台南市
阿昌牛肉,台南市
安仔牛肉,台南市
其森牛肉,台南市
牛钤牛肉,台南市
阿超牛肉,台南市
福土a牛肉,台南市
德土a牛肉,台南市
福倥Ｈ,台南市
一品牛肉,台南市
新市牛肉清,台南市
有的蔬果汁Ｙu店,台南市
牛之屋牛肉,台南市
宇牛肉,台南市
小北牛肉,台南市
拉I屋,台南市
Mr.I王,台南市
虱目~主}^,台南市
品蓬咖啡,台南市
f振南台南旗店,台南市
段台南小西T,台南市
M福阿梅大趁a花生糖,台南市
玉井阿月芒果冰,台南市
府城食府正宗台南料理,台南市
小~布丁,台南市
周氏豆花,台南市
八彬A仔惠,台南市
南泉冰室,台南市
藤喜家冰淇淋,台南市
仙仁嫩仙草,台南市
加南一作,台南市
密密一,台南市
d隆居,高雄市
味味香V|汕^牛i羊肉t,高雄市
老周肉,高雄市
潮州牛肉店,高雄市
u老二食au,高雄市
壹E枪袍餐d,高雄市
高雄第一家刀削I,高雄市
成家肉I,高雄市
徐家料理行,高雄市
康家小店,高雄市
天福切○^,高雄市
V|汕^傥讹食店,高雄市
傅F味,高雄市
寒H大店-^海中餐d,高雄市
小王牛肉I,高雄市
珠巢d,高雄市
大都邑餐d,高雄市
康平刀削I(五彩元),高雄市
美饪图也,高雄市
四海一家,高雄市
天仁茗茶瞬枞,高雄市
正忠排骨,高雄市
南_巢惋店,高雄市
延衩朗,高雄市
燕巢L味外省I,高雄市
潘福州式手工I,高雄市
泥火山A伯土u城,高雄市
大中包子店,高雄市
克y美食^,高雄市
余家第一家正老牌刀削I,高雄市
北方I食老牌吃吃看,高雄市
三牛()牛肉I,高雄市
钣W粥,高雄市
王冠牛肉I^,高雄市
阿三I,高雄市
沈家包子,高雄市
鼎泰S,高雄市
山|姥姥I食^,高雄市
⒓宜岵税兹饣疱,高雄市
高雄e大店-川菜d,高雄市
水源羊肉t,高雄市
牛老大牛肉^,高雄市
汕^泉成沙茶火,高雄市
高雄A山店fd,高雄市
意之仰酸白菜火店,高雄市
宏南福利餐d,高雄市
咖哩事典,高雄市
陶板屋,高雄市
善w,高雄市
松野巯,高雄市
酒田日本料理,高雄市
大八日本料理,高雄市
伊菸萑帐意料理,高雄市
帕莎蒂娜日本料理 Hashi,高雄市
手B日本料理,高雄市
W士_平rp食^,高雄市
NEW HOUSEWL新食^,高雄市
TOMATO PASTA,高雄市
I坊,高雄市
冒的Smokey Joe's美式墨西哥餐d,高雄市
lovely童,高雄市
帕莎蒂娜 g二}觳d,高雄市
三民第一公有市 - 彩秀素食,高雄市
菜根香素食^,高雄市
人道素食餐d,高雄市
幸福素食^,高雄市
河餐d(素食店),高雄市
a心S素食,高雄市
上海素食餐d,高雄市
佛光素食^,高雄市
慈香庭蔬食餐,高雄市
全省素食之家,高雄市
大享阿庸F味,高雄市
民市鲷~丸料理,高雄市
黑伯仔,高雄市
清溪小吃部,高雄市
新d第二公有市 - 香香肉A,高雄市
rh家,高雄市
月娥肉,高雄市
茗城小吃,高雄市
}埕老冬粉肉,高雄市
金城肉ｉT店,高雄市
大享女杭t小吃店-女杭t招牌F味,高雄市
郭家肉粽、碗@,高雄市
尚芳土~羹,高雄市
555K母,高雄市
家}水,高雄市
六合夜市-檬塾,高雄市
六合夜市-老牌木瓜牛奶,高雄市
六合夜市-方水,高雄市
六合夜市-X~姐X~I,高雄市
蔡家豸~子,高雄市
六合夜市海a粥、yA,高雄市
六合夜市-土~羹,高雄市
永泰烤A,高雄市
x哥X~意I,高雄市
互得惠企I有限公司-珍芳豸~子Y盒,高雄市
老牌雄米糕店,高雄市
成男生碗@肉粽,高雄市
菜粽李 菜粽,高雄市
阿吖旁缥,高雄市
阿婆[油,高雄市
燕巢R口-大c香cＹu,高雄市
海青王家,高雄市
P邑I,高雄市
南台(雄)虱目~粥店,高雄市
南台春,高雄市
煎、炒蛋I,高雄市
冬粉王,高雄市
米糕城,高雄市
肉珍,高雄市
小洞天,高雄市
敦.唐街十英茶^,高雄市
夏威夷毛伊咖啡,高雄市
尚品咖啡,高雄市
杯子咖啡^,高雄市
天空之城,高雄市
御房廊,高雄市
步道咖啡,高雄市
咖啡Bx式饪s咖啡^,高雄市
金V咖啡,高雄市
Q@C隹Х刃蓍fr,高雄市
老爸咖啡,高雄市
美饪图殷A＠薏枧m,高雄市
春水堂,高雄市
A王大店-波露咖啡d,高雄市
古草茶(古早茶),高雄市
老唱片主}咖啡^,高雄市
老牌牛乳大王,高雄市
古典玫瑰@-光大店,高雄市
50年杏仁茶,高雄市
BIG MA MAx大利I餐d,高雄市
佐佐xx大利I餐d,高雄市
高]法式N餐d,高雄市
安多尼W法式料理,高雄市
躲x式N房,高雄市
波隆那x式I食餐^,高雄市
小城堡法式料理,高雄市
W啦西班牙^,高雄市
王品台塑牛排^,高雄市
TASTY西堤牛排,高雄市
新H西餐d,高雄市
阿雷特,高雄市
帕莎蒂娜x大利屋,高雄市
帕莎蒂娜法式餐d,高雄市
尊酒店-芙,高雄市
高雄e大店-菜d,高雄市
A王大店-港式茶Amd,高雄市
A@店-旺角港式茶餐d,高雄市
海光餐d,高雄市
著火的牛阿根廷烤肉餐d,高雄市
逐鹿日式炭火肉,高雄市
日式o肉屋,高雄市
老蔡虱目~粥,高雄市
河餐d,高雄市
f三海a小吃部,高雄市
t毛港海r餐d,高雄市
洲活海r,高雄市
西子澈ｕr餐d,高雄市
海味澎湖平r活海r,高雄市
旗津中洲金}春活海a,高雄市
海I海a店,高雄市
王牌豆花,高雄市
高雄婆婆冰,高雄市
で槿,高雄市
品元糖口冷工坊,高雄市
光A木瓜牛奶、檬王,高雄市
s泉汽水工S,高雄市
枝仔冰城,高雄市
旗津手工玉米花Ｙu店,高雄市
阿d麻^,高雄市
九品元黑芝麻糕,高雄市
老周冷犸,高雄市
高雄阿婆仔冰,高雄市
渡船^海之冰,高雄市
杜m朵,高雄市
黑狗啤酒^,高雄市
屋Roof Lounge,高雄市
C`est La Vie,高雄市
堤r尚音凡d,高雄市
羲美式酒^,高雄市
h泶箫店-45Fr酒殿,高雄市
Lamp,高雄市
{色狂想,高雄市
草舍 The Locals Inn,高雄市
Marsalis Bar R沙里斯爵士酒^,高雄市
山寨Live Pub,高雄市
新y一牛排^,高雄市
京城大店-L尚西餐d,高雄市
i River 酆优Ｅ藕ｕr自助餐d,高雄市
高雄|山^,高雄市
海H大店- 2F吉祥d,高雄市
S金酆,高雄市
高雄牛乳大王,高雄市
高雄e大店-i River酆优Ｅ藕ｕr自助餐d,高雄市
高雄翰品酒店-雨桐d/泉d/芒Nd,高雄市
高雄A山大店,高雄市
SikaTeahouse希咔意商行,高雄市
人田美饪图也,高雄市
小肥沉xI坊 Viva La Pasta,高雄市
老四川巴蜀麻辣C,高雄市
信x餐d,高雄市
翰品酒店-品日式料理,高雄市
海景海逞缦^,高雄市
董傅手工麻^,高雄市
味美食^,高雄市
蒸rc粉港式茶,高雄市
渝川菜(渝川味小吃),高雄市
福容大店,高雄市
肉AM彰化香菇肉A,高雄市
寒大店,高雄市
寒美^-明店,高雄市
寒高雄商旅-2嵌美,高雄市
寒H大店-2遣柙,高雄市
寒H大店-40怯^海,高雄市
h硎呤(巨蛋店),高雄市
h泶箫店-牛排^,高雄市
h神大店-F板,高雄市
h泶箫店-池畔餐d,高雄市
日本料理弁c,高雄市
h神大店-港式海r火,高雄市
t陶上海包,高雄市
翠@菜餐d,高雄市
福@台菜餐d,高雄市
h泶箫店-糕小m,高雄市
h砗８,高雄市
Mixer Bar 拌器美式小酒^,高雄市
尊酒店-艾可柏菲自助餐d,高雄市
食尚g,高雄市
粉tC咖啡屋,高雄市
喜憨禾禊Z堡餐d,高雄市
Deer Grassland 鹿仔草冰店,高雄市
ICE+艾司加冰屋,高雄市
古F家,高雄市
那年代杏仁豆腐冰,高雄市
那g手作霜淇淋,高雄市
|T茶,高雄市
枝仔冰城,高雄市
皇冠冰城,高雄市
高雄大碗公冰,高雄市
日食生活,高雄市
小手作烘焙坊,高雄市
d子工坊,高雄市
蚰纤磨豆花,高雄市
}埕羌叶够,高雄市
九食糖水,高雄市
奈良咽肿骱姹,高雄市
Fun Tower日式可,高雄市
吉初豆花,高雄市
波波莉可洋果子,高雄市
先生 SENSEI千,高雄市
店瞬 一二三亭,高雄市
裸w主x,高雄市
光茶屋Koetsu Teahouse,高雄市
三N店,高雄市
兔思糖法式甜c,高雄市
力的家法式薄小^,高雄市
}芙甜cLoft P?tisserie,高雄市
E'Z Chocolat手工巧克力(青年路),高雄市
Macchiato-手作千拥案Ｙu,高雄市
南L洋子,高雄市
TST,高雄市
NaMa奈烘焙工坊,高雄市
Velvet patisserie 法q法式手工甜c,高雄市
瑞家,高雄市
朵莉甜N,高雄市
梅森S拉玻璃屋,高雄市
品黑,高雄市
艾繁,高雄市
W朵罕子蛋糕手坊,高雄市
Dogoodcoffee&dessert,高雄市
Poppy waffle高雄左I,高雄市
伴珈家,高雄市
Saycheese起司Ｙu店,高雄市
米卡希_墨西哥N坊,高雄市
迪立印度健康蔬食坊,高雄市
高雄H2O水京H酒店-京,高雄市
豚⑷毡纠I-六合店,高雄市
著火的牛,高雄市
黛莎拉丁美洲西班牙餐d,高雄市
MLD台X美食街-品c心,高雄市
Trattoria Venti,高雄市
上品S山|水Ｙu店,高雄市
川食堂,高雄市
成台呈目~Ｙu店,高雄市
果Q家,高雄市
德小B German Kitchen,高雄市
冒的堂朗侥西哥餐d-高雄自由店,高雄市
R扎|W餐^,高雄市
莎钥肆_埃西N房Croatian Kitchen,高雄市
路竹四双生~,高雄市
青u子Ｙu店,高雄市
五六煎u造所-鼎山店,高雄市
卡咖啡Katsicafé,高雄市
合羽亭,高雄市
泰情泰式料理子Ｙu店-瑞S夜市店,高雄市
子の王 高雄h神巨蛋店,高雄市
棉花堡土耳其餐d,高雄市
咖啡林咖啡,高雄市
Acc cafe de coeur 真心豆行,高雄市
方寸之g,高雄市
CHIC CAF? 奇可小N,高雄市
厥以炜,高雄市
Cest La Vie 瑟拉威咖啡^,高雄市
路易?莎 咖啡Louisa Coffee  高雄中正店,高雄市
^咖啡,高雄市
洛斯特ROAST,高雄市
Amis café P咖啡,高雄市
atti咖啡研究工坊,高雄市
和。好珈i店,高雄市
都提咖啡 Dutty,高雄市
一等一咖啡茶,高雄市
元啡H派,高雄市
Booking局,高雄市
大城。小事咖啡^,高雄市
美森咖啡 Artisan Cafe,高雄市
i思咖啡,高雄市
握咖啡 OH！cafe,高雄市
海岸咖啡(大碗公咖啡),高雄市
查理布朗咖啡Charlie Brown Café,高雄市
黛西堂咖啡豆m,高雄市
卡契芬世界冠咖啡,高雄市
CUP CAFE' 杯子咖啡^,高雄市
My Cofi,高雄市
TaMa 咖啡^,高雄市
F咖啡 Balmy Café,高雄市
爵爵&叔商行,高雄市
咖啡自然醒,高雄市
W舍咖啡 高雄店,高雄市
W客佬Oklao咖啡r,高雄市
中外,高雄市
奎克咖啡,高雄市
卡啡那 Caffaina Coffee Gallery,高雄市
鼻子咖啡,高雄市
左屏商行(咖啡中W),高雄市
MATTONI Deli CaféR多尼生活餐坊,高雄市
各比伊咖啡Gavagai Café,高雄市
季洋f@咖啡^,高雄市
咖啡。香,高雄市
|照山咖啡休fr,高雄市
大溆Ct豆咖啡,高雄市
Choosy Gourmet 啡挑剔,高雄市
25巷3caffe,高雄市
好好 good days,高雄市
}壬@饪s咖啡,高雄市
S香咖啡,高雄市
果然真好果汁屋,高雄市
果A意茶,高雄市
家檬大王-岷拥,高雄市
r果rg-No.7 五福大y店,高雄市
小霾-高雄店,高雄市
水巷茶弄-文M店,高雄市
本家御守茶,高雄市
有r喝茶,高雄市
香茗茶行(1946)雷芽茶名概念店,高雄市
神r本m,高雄市
茶仙,高雄市
黑糖奶奶三犬本m,高雄市
O渴,高雄市
Mini湟幌,高雄市
My Way味,高雄市
太和元 冰品,高雄市
文\蜂蜜,高雄市
打勾勾美餐d,高雄市
克山丘式可-高雄南屏店,高雄市
Old.Trick 佬掉牙商行,高雄市
掌T精啤酒-青海店,高雄市
坊咖啡餐酒^,高雄市
f吧 ONE BAR,高雄市
f餐酒^,高雄市
{色狂想Blue Fantasy,高雄市
étage 15 Night Bar,高雄市
On the Bridge t虿d,高雄市
城市商旅真垧^ 璀璨星空Sky Bar,高雄市
大坪^景休f^,高雄市
老B香麻辣火,高雄市
小越N意越式料理,高雄市
XM麻辣山店,高雄市
春执蜻t,高雄市
舞古R物ｉT店,高雄市
凼冲麻辣x,高雄市
木森林香草@,高雄市
美山厝渡假山f,高雄市
霖@土u城,高雄市
右部ХV-林@店,高雄市
山牛牛肉涮涮,高雄市
F牛物工S,高雄市
^物,高雄市
原生青,高雄市
星野肉肉,高雄市
U和酸菜白肉火,高雄市
冬l小N,高雄市
m花@VILLA^,高雄市
永安西海岸餐d,高雄市
La 物食堂,高雄市
蒸任性活w海r蒸忮,高雄市
咕咚鼎私房B生火,高雄市
Smile One精@涮涮,高雄市
天水h秘境物殿,高雄市
r蒸霸蒸夂ｕr塔,高雄市
M前咖啡^,高雄市
大宅T乾^一二吃,高雄市
T汕^火,高雄市
鼠尾草cafel村N坊,高雄市
茉W享,高雄市
星洲火,高雄市
吉林夜市,高雄市
苓雅自夜市,高雄市
海瑞食品有限公司,新竹市
傻瓜肉粽,新竹市
南d食品股份有限公司,新竹市
新竹黑包,新竹市
新竹牧鍪称,新竹市
奂沂称飞绦(惟客多精@烘培屋),新竹市
新美乃斯食品行,新竹市
福丸,新竹市
羌仪f,新竹市
南Tw,新竹市
城隍R柳家肉燥,新竹市
O香甜不辣,新竹市
三S姜店,新竹市
李家店南京y水,新竹市
家餍〕(新r街水美食^),新竹市
世和小^(原三和食堂),新竹市
英美食坊,新竹市
骷疑活小^,新竹市
新天地美食^,新竹市
阿霞小吃,新竹市
和家^,新竹市
美Z王,新竹市
客家大A,新竹市
松旺客家大A,新竹市
中AI店,新竹市
菜@上海餐d,新竹市
站肉羹I,新竹市
馨之味,新竹市
s客家A-武昌店,新竹市
福伏I店,新竹市
z相好私房料理,新竹市
三|客家A,新竹市
北大A店,新竹市
⒇蕊食店,新竹市
柯子湖客家料理,新竹市
高家冬瓜茶,新竹市
阿忠冰店,新竹市
大千米苔目冰店,新竹市
阿惠冰店-光A店,新竹市
阿惠冰店-西T店,新竹市
薏W屋B生品,新竹市
苗疃瓜仙草z,新竹市
本味木瓜牛奶,新竹市
郭,新竹市
ㄍㄡㄍㄡ羹,新竹市
阿城,新竹市
王蚵仔煎,新竹市
乾家肉粽@粽大王(原成家肉粽),新竹市
家~丸燕丸,新竹市
新驼渖绦,新竹市
Y明水蒸蛋糕,新竹市
~家大粒粉A,新竹市
南寮O港直N中心,新竹市
英明林家肉A,新竹市
p星甜不辣,新竹市
原夜市肉I-中正店,新竹市
原夜市肉I-中央店,新竹市
RT烘培屋,新竹市
曾家公@乾I,新竹市
肉S店,新竹市
肉S北T分店,新竹市
竹山意I,新竹市
立x鹘y豆花,新竹市
小洞天,新竹市
新竹港南\河I海L景^餐d,新竹市
福源花生u,新竹市
山|z^店,新竹市
新芳肉粽,新竹市
耳朵小^,新竹市
李筒仔米糕,新竹市
木易傅酿z^,新竹市
和味清粥,新竹市
老Si_大王,新竹市
`邑手工觚I,新竹市
阿富肉,新竹市
早c四果,新竹市
烤肉王,新竹市
蜂蜜大王,新竹市
168新加坡美食,新竹市
新竹光宛z^店,新竹市
石家~丸,新竹市
阿培I糊,新竹市
北T炸@,新竹市
w肉A,新竹市
阿火伯炭烤t豆,新竹市
周家肉A,新竹市
S谷月油,新竹市
美芳糕m,新竹市
香814冰棒,新竹市
林家冰店,新竹市
正宗仙草,新竹市
上芳木瓜牛奶,新竹市
魏素食店,新竹市
中央羊肉,新竹市
臭豆腐,新竹市
素食水煎包W,新竹市
阿明F肉-西大店,新竹市
金BF肉-北T店,新竹市
原味跗肺,新竹市
老金陵手作包子m,新竹市
W迪烘焙,新竹市
何家@庭@餐d,新竹市
成家肉粽大王,新竹市
影咖啡,新竹市
t帽烘焙,新竹市
邱麻^,新竹市
彭成珍m,新竹市
A品丸,新竹市
糖奶奶,新竹市
新福源花生u二代店,新竹市
~深海~[z原蛋白,新竹市
中大水N^,新竹市
R口香,新竹市
大海拉I,新竹市
昶瑞丸,新竹市
禾日香肉,新竹市
河堤上的,新竹市
源初肉屋,新竹市
t豆村新竹店,新竹市
水哥B生早餐,新竹市
台丸有限公司,新竹市
牛篷牛排店,新竹市
~r社,新竹市
薪石G,新竹市
新O人a^海r餐d,新竹市
芙洛烘焙坊,新竹市
M益丸文化^,新竹市
豆倜远品Ｙu店,新竹市
西市汕^^,新竹市
竹q林美食,新竹市
石~丸,新竹市
三{I食^,新竹市
大和@肉^,新竹市
光A冰店,新竹市
珍香港式食,新竹市
|皇家港式茶,嘉x市
n大l鹘yn式料理,嘉x市
g放Ｅ,嘉x市
澄川SQ洞n式料理,嘉x市
京宴港式意料理,嘉x市
南洋小^,嘉x市
松B作和食料理,嘉x市
馨@日本料理,嘉x市
L尚人文咖啡^,嘉x市
玫瑰@餐d,嘉x市
真北平餐d,嘉x市
一~日本料理,嘉x市
小潘作鬯,嘉x市
伍梨x大利I,嘉x市
二A堂日式炭火肉,嘉x市
船老大海r餐d,嘉x市
诽站,嘉x市
喜多日式和L涮涮,嘉x市
鼎藏n,嘉x市
福麻辣x火,嘉x市
M福呛Ｑ绮d,嘉x市
阿典套餐料理,嘉x市
新食煮,嘉x市
|文餐d,嘉x市
新明津美食餐,嘉x市
桃花源餐d,嘉x市
名N餐坊,嘉x市
PAPPA?心粥I,嘉x市
阿信鬯镜,嘉x市
松阪屋日式涮涮,嘉x市
川丸子麻辣C,嘉x市
W琳_l村料理坊,嘉x市
意I`茶Z,嘉x市
蚵庄海a店,嘉x市
乾x大利I,嘉x市
光捅井a牛肉火店,嘉x市
川流亭食店,嘉x市
凡人居,嘉x市
元生a,嘉x市
和平素食餐^,嘉x市
左岸L尚x式料理,嘉x市
}泰F泰式料理,嘉x市
正港羊肉t店,嘉x市
|方~全牛料理店,嘉x市
月桃故事^(AdI股份有限公司二S),嘉x市
德霖H事I有限公司,嘉x市
O果f@有限公司,嘉x市
嘉冠喜食品有限公司,嘉x市
蔡家手作Q包子(洋食品行),嘉x市
新台筹m有限公司,嘉x市
勤|蛋品科技股份有限公司,嘉x市
橘客新r果格Ｙu店,嘉x市
上u咖啡,嘉x市
CASA,嘉x市
木更咖啡 Mugeneration,嘉x市
藏咖啡,嘉x市
Fei Fei 小餐^,嘉x市
黑健康烘焙,嘉x市
活泉人文茶^,嘉x市
芬芳@企I社,嘉x市
M冠茶@,嘉x市
卓武咖啡,嘉x市
新台筹m,嘉x市
Infusion 蛋糕t茶Ｙu店,嘉x市
一茶工房,嘉x市
嘉冠喜煎,嘉x市
勰敬逍蓍f^光工S,嘉x市
鸦ㄈ~咖啡餐,嘉x市
R5小餐^,嘉x市
GoodLuck coffee,嘉x市
日青y派,嘉x市
Dings Tea 丁式茶^,嘉x市
M棠茶品,嘉x市
名香茗茶,嘉x市
三角&咖啡,嘉x市
巴黎6街,嘉x市
幸福原在咖啡,嘉x市
融合度咖啡^,嘉x市
Evie's Café 伊米咖啡（f址－已搬家）,嘉x市
CouCou Cafe P?tisserie 咕咕甜c咖啡,嘉x市
48 home,嘉x市
come home咖啡漫步,嘉x市
芙甜法式c心坊,嘉x市
巴美食堂,嘉x市
雅f小^,嘉x市
二通672,嘉x市
@e人料理工作室,嘉x市
被z忘的府路巷-冰uI,嘉x市
比杜文O企I社,嘉x市
Blaxk 布蕾可z婚,嘉x市
PANdora263.ART 潘朵拉工作室,嘉x市
嘉木居,嘉x市
台郴ùu古厝,嘉x市
Le Chat Noir 小黑,嘉x市
fr光新r事,嘉x市
25×40文空g,嘉x市
Dadala cafe & stationery,嘉x市
Morikoohii 森咖啡,嘉x市
Eleventh Cafe 射日塔景^咖啡^,嘉x市
33+V.,嘉x市
一g茶屋,嘉x市
大蛋糕坊 BIG MOM CUPCAKE,嘉x市
老院子1951想喝,嘉x市
玖 CAF?,嘉x市
享物手作烘焙。咖啡,嘉x市
常常手作,嘉x市
提娜多咖啡,嘉x市
Black Rust 黑n手作p食,嘉x市
}塔咖啡,嘉x市
c。甜c,嘉x市
傲漫手感烘焙工作坊,嘉x市
鄯蚍蚩Хifufucoffee,嘉x市
猫咪文^,嘉x市
Ruby夫人吃●做●I,嘉x市
Oi Griddle Cakes 美式,嘉x市
小老甜品店,嘉x市
五木咖啡店,嘉x市
The Origin 初咖啡,嘉x市
小t帽x式冰淇淋（友和店－Y束II）,嘉x市
南馨食品店,嘉x市
^起福－嘉xu意森活村T市,嘉x市
北T森F故事^,嘉x市
S家班糕m有限公司,嘉x市
S金客手工蛋,嘉x市
犬行,嘉x市
林明沙~^,嘉x市
三哥肉肉乾食品,嘉x市
可味肉乾,嘉x市
天B茶@ - 茶己,嘉x市
原砹x大利I,嘉x市
泉S,嘉x市
Cemas Kakanen rv食品,嘉x市
匠咖啡,嘉x市
上t丸梅uY品Ｙu,嘉x市
三b小兔x式冰淇淋,嘉x市
日日好r,嘉x市
福源肉粽,嘉x市
椿S高山茶坊,嘉x市
|lB蜂,嘉x市
小夫妻拌I,嘉xh
xd朝日,嘉x市
大丸禧水a有限公司,嘉x市
品滋畔,嘉x市
翔草健康^,嘉x市
光皇后 - 知名插家SMART合共同打造W美餐d,嘉x市
蓁古早味F烤蛋糕店,嘉x市
小夫妻商行,嘉x市
小伍妹麻辣鳇I,嘉x市
日日好r有限公司,嘉x市
|l食品行,嘉x市
名香茶行,嘉x市
初心者肉m,嘉x市
林明沙~^（巧也小吃股份有限公司）,嘉x市
阿久（y百食品股份有限公司）,嘉x市
阿s啤酒（新北平阿s食文化有限公司）,嘉x市
秋可蕾手工生巧克力（秋企I社）,嘉x市
家食佳食（澄W商行）,嘉x市
如科技有限公司,嘉x市
斐@茶f,嘉x市
新明津美食餐d（新明r速餐店）,嘉x市
xd嘉（xduI有限公司）,嘉x市
}保_烘焙花@,嘉x市
嘉竹商行－玉米uＹu店,嘉x市
方K吐司,嘉x市
\u油,嘉x市
薯人,嘉x市
五柳@休fr,嘉x市
月桃故事^,嘉x市
勰敬宓胤轿幕^,嘉x市
虹菜刀五金行,嘉x市
信成香I有限公司,嘉x市
三哥肉乾,嘉x市
大王千金（LA食品有限公司）,嘉x市
正方芳Cafe,嘉x市
P姐手作坊,嘉x市
唐yh方生物科技股份有限公司,嘉x市
福樟良材木工坊,嘉x市
台臭肉,嘉x市
|市鲈家羹I,嘉x市
|@餐d,嘉x市
林明沙~^,嘉x市
金牌川菜小^,嘉x市
晨光咖啡Sunshine Cafe,嘉x市
oo茶 (食_美O股份有限公司),嘉x市
福源肉粽店,嘉x市
⒗镩Lu肉店,嘉x市
h堡,嘉x市
帕海小食部,嘉x市
情Ｙu所,嘉x市
新明津~丸店,嘉x市
初八I食堂,嘉x市
盛食咖哩店,嘉x市
大掌煎m,嘉x市
老傅手v彩虹粉@冰,嘉x市
拍拍泡芙,嘉x市
新悦花@酒店－U,嘉x市
嘉x3分甜t豆,嘉x市
湘埕野生塾Ｙu店,嘉x市
薏坊精@B生甜品Ｙu店,嘉x市
品安豆花店,嘉x市
S霈高山r泡茶,嘉x市
情Ｙu所,嘉x市
品安豆花店,嘉x市
S霈高山r泡茶,嘉x市
暖肚皮,嘉x市
WT kitchen,嘉x市
HOT Hi-end Of Tiki,嘉x市
元封郑υ绯啃〗,嘉x市
G洲 Oasis Brunch,嘉x市
G洲 Oasis Brunch,嘉x市
小P子,嘉x市
手在披_,嘉x市
皮索尼法式小^,嘉x市
大小,嘉x市
Bar Door to Dream,嘉x市
茂生鬯,嘉x市
好好+漫熟咖哩,嘉x市
斗酒-doujiou bar,嘉x市
短餐d tekhoo 餐酒生活,嘉x市
王的菜 King's Flavor 印度餐d,嘉x市
花\[,嘉x市
城Z行,嘉x市
蔬盈市龌疱(民生北路),嘉x市
弄硇〔妥,嘉x市
BAR SKITZ,嘉x市
A家I包,嘉x市
秣R~,嘉x市
^起福,嘉x市
脆皮 dou dou 甜甜圈,嘉x市
一y仙草 / 油^u蛋糕 /品花豆花,嘉x市
湎呐俦,嘉x市
王蝴蝶咖啡,嘉x市
秘氏咖啡,嘉x市
小口品s,嘉x市
奇究Х,嘉x市
BES coffee,嘉x市
珈i解方,嘉x市
弓箭手,嘉x市
往前咖啡,嘉x市
仨丘珈i,嘉x市
玖零甜食所,嘉x市
hr好室X森山里 MORI YAMA,嘉x市
秋室,嘉x市
f美好。生活器物。古道具,嘉x市
玖零甜食所,嘉x市
秋室,嘉x市
秋室,嘉x市
Moor Room 荒屋,嘉x市
然後工作室,嘉x市
莫索分享空g,嘉x市
布蕾可z婚,嘉x市
u呼缘,嘉x市
洪雅房,嘉x市
,
,
,
,
,
,
,
,
,
,
,
,
,
,
,
,
,
,
,
,
,
,
,
,
,
,
,
,
,
,
,
,
,
,
,
,
,
,
,
,
,
,
,
,
,
,
,
,
,
,
,
,
,
,
,
,
,
,
,
,
,
,
,
,
,
,
,
,
,
,
,
,
,
,
,
,
,
,
,
,
,
,
,
,
,
,
,
,
,
,
,
,
,
,
,
,
,
,
,
,
,
,
,
,
,
,
,
,
,
,
,
,
,
,
,
,
,
,
,
,
,
,
,
,
,
,
,
,
,
,
,
,
,
,
,
,
,
,
,
,
,
,
,
,
,
,
,
,
,
,
,
,
,
,
,
,
,
,
,
,
,
,
,
,
,
,
,
,
,
,
,
,
,
,
,
,
,
,
,
,
,
,
,
,
,
,
,
,
,
,
,
,
,
,
,
,
,
,
,
,
,
,
,
,
,
,
,
,
,
,
,
,
,
,
,
,
,
,
,
,
,
,
,
,
,
,
,
,
,
,
,
,
,
,
,
,
,
,
,
,
,
,
,
,
,
,
,
,
,
,
,
,
,
,
,
,
,
,
,
,
,
,
,
,
,
,
,
,
,
,
,
,
,
,
,
,
,
,
,
,
,
,
,
,
,
,
,
,
,
,
,
,
,
,
,
,
,
,
,
,
,
,
,
,
,
,
,
,
,
,
,
,
,
,
,
,
,
,
,
,
,
,
,
,
,
,
,
,
,
,
,
,
,
,
,
,
,
,
,
,
,
,
,
,
,
,
,
,
,
,
,
,
,
,
,
,
,
,
,
,
,
,
,
,
,
,
,
,
,
,
,
,
,
,
,
,
,
,
,
,
,
,
,
,
,
,
,
,
,
,
,
,
,
,
,
,
,
,
,
,
,
,
,
,
,
,
,
,
,
,
,
,
,
,
,
,
,
,
,
,
,
,
,
,
,
,
,
,
,
,
,
,
,
,
,
,
,
,
,
,
,
,
,
,
,
,
,
,
,
,
,
,
,
,
,
,
,
,
,
,
,
,
,
,
,
,
,
,
,
,
,
,
,
,
,
,
,
,
,
,
,
,
,
,
,
,
,
,
,
,
,
,
,
,
,
,
,
,
,
,
,
,
,
,
,
,
,
,
,
,
,
,
,
,
,
,
,
,
,
,
,
,
,
,
,
,
,
,
,
,
,
,
,
,
,
,
,
,
,
,
,
,
,
,
,
,
,
,
,
,
,
,
,
,
,
,
,
,
,
,
,
,
,
,
,
,
,
,
,
,
,
,
,
,
,
,
,
,
,
,
,
,
,
,
,
,
,
,
,
,
,
,
,
,
,
,
,
,
,
,
,
,
,
,
,
,
,
,
,
,
,
,
,
,
,
,
,
,
,
,
,
,
,
,
,
,
,
,
,
,
,
,
,
,
,
,
,
,
,
,
,
,
,
,
,
,
,
,
,
,
,
,
,
,
,
,
,
,
,
,
,
,
,
,
,
,
,
,
,
,
,
,
,
,
,
,
,
,
,
,
,
,
,
,
,
,
,
,
,
,
,
,
,
,
,
,
,
,
,
,
,
,
,
,
,
,
,
,
,
,
,
,
,
,
,
,
,
,
,
,
,
,
,
,
,
,
,
,
,
,
,
,
,
,
,
,
,
,
,
,
,
,
,
,
,
,
,
,
,
,
,
